================================================================================
PER-CARD DIFF ANALYSIS
Versions: v0.99.1 → v0.103.2 → v0.107.1
================================================================================

--- acrobatics ---
Category: changed_in_v0.99.1_to_v0.103.2

  [v0.99.1 → v0.103.2] Card changes:
    [v0.99.1] 		: base(1, CardType.Skill, CardRarity.Common, TargetType.Self)
    [v0.103.2] 		: base(1, CardType.Skill, CardRarity.Uncommon, TargetType.Self)

--- alignment ---
Category: changed_in_v0.99.1_to_v0.103.2

  [v0.99.1 → v0.103.2] Card changes:
    [v0.99.1] 	public override int CanonicalStarCost => 2;
    [v0.103.2] 	public override int CanonicalStarCost => 3;

--- anticipate ---
Category: changed_in_v0.99.1_to_v0.103.2

  [v0.99.1 → v0.103.2] Card changes:
    [v0.99.1] 	protected override IEnumerable<DynamicVar> CanonicalVars => new global::_003C_003Ez__ReadOnlySingleElementList<DynamicVar>(new PowerVar<DexterityPower>(3m));
    [v0.99.1] 		base.DynamicVars.Dexterity.UpgradeValueBy(2m);
    [v0.103.2] 	protected override IEnumerable<DynamicVar> CanonicalVars => new global::_003C_003Ez__ReadOnlySingleElementList<DynamicVar>(new PowerVar<DexterityPower>(2m));
    [v0.103.2] 		base.DynamicVars.Dexterity.UpgradeValueBy(1m);

--- arsenal ---
Category: changed_in_v0.99.1_to_v0.103.2

  [v0.99.1 → v0.103.2] Card changes:
    [v0.99.1] 		base.DynamicVars["ArsenalPower"].UpgradeValueBy(1m);
    [v0.103.2] 		AddKeyword(CardKeyword.Innate);

  [v0.99.1 → v0.103.2] Related power arsenal-power changes:
    [v0.99.1] 	public override async Task AfterCardPlayed(PlayerChoiceContext context, CardPlay cardPlay)
    [v0.99.1] 		if (cardPlay.Card.Owner == base.Owner.Player && cardPlay.Card.VisualCardPool.IsColorless)
    [v0.103.2] 	public override async Task AfterCardGeneratedForCombat(CardModel card, bool addedByPlayer)
    [v0.103.2] 		if (card.Owner == base.Owner.Player && addedByPlayer)

  [v0.103.2 → v0.107.1] Related power arsenal-power changes:
    [v0.103.2] 	public override async Task AfterCardGeneratedForCombat(CardModel card, bool addedByPlayer)
    [v0.103.2] 		if (card.Owner == base.Owner.Player && addedByPlayer)
    [v0.103.2] 			await PowerCmd.Apply<StrengthPower>(base.Owner, base.Amount, base.Owner, null);
    [v0.107.1] 	public override async Task AfterCardGeneratedForCombat(CardModel card, Player? creator)
    [v0.107.1] 		if (creator != null && creator.Creature == base.Owner)
    [v0.107.1] 			await PowerCmd.Apply<StrengthPower>(new ThrowingPlayerChoiceContext(), base.Owner, base.Amount, base.Owner, null);

--- astral-pulse ---
Category: changed_in_v0.103.2_to_v0.107.1

  [v0.103.2 → v0.107.1] Card changes:
    [v0.103.2] 	protected override IEnumerable<DynamicVar> CanonicalVars => new global::_003C_003Ez__ReadOnlySingleElementList<DynamicVar>(new DamageVar(14m, ValueProp.Move));
    [v0.103.2] 		base.DynamicVars.Damage.UpgradeValueBy(4m);
    [v0.107.1] 	protected override IEnumerable<DynamicVar> CanonicalVars => new global::_003C_003Ez__ReadOnlySingleElementList<DynamicVar>(new DamageVar(6m, ValueProp.Move));
    [v0.107.1] 			.WithHitCount(2)
    [v0.107.1] 		base.DynamicVars.Damage.UpgradeValueBy(2m);

--- banshees-cry ---
Category: all_differ

  [v0.99.1 → v0.103.2] Card changes:
    [v0.99.1] 		: base(6, CardType.Attack, CardRarity.Rare, TargetType.AllEnemies)
    [v0.99.1] 		base.DynamicVars.Damage.UpgradeValueBy(6m);
    [v0.103.2] 		: base(9, CardType.Attack, CardRarity.Rare, TargetType.AllEnemies)
    [v0.103.2] 		base.EnergyCost.UpgradeBy(-2);

  [v0.103.2 → v0.107.1] Card changes:
    [v0.103.2] 	public override Task AfterCardPlayed(PlayerChoiceContext context, CardPlay cardPlay)
    [v0.107.1] 	public override Task AfterCardPlayed(PlayerChoiceContext choiceContext, CardPlay cardPlay)

--- begone ---
Category: changed_in_v0.99.1_to_v0.103.2

  [v0.99.1 → v0.103.2] Card changes:
    [v0.99.1] 	protected override IEnumerable<DynamicVar> CanonicalVars => new global::_003C_003Ez__ReadOnlySingleElementList<DynamicVar>(new DamageVar(4m, ValueProp.Move));
    [v0.99.1] 	protected override IEnumerable<IHoverTip> ExtraHoverTips => new global::_003C_003Ez__ReadOnlySingleElementList<IHoverTip>(HoverTipFactory.FromCard<MinionDiveBomb>(base.IsUpgraded));
    [v0.99.1] 
    [v0.99.1] 		: base(1, CardType.Attack, CardRarity.Common, TargetType.AnyEnemy)
    [v0.99.1] 		ArgumentNullException.ThrowIfNull(cardPlay.Target, "cardPlay.Target");
    [v0.99.1] 		await DamageCmd.Attack(base.DynamicVars.Damage.BaseValue).FromCard(this).Targeting(cardPlay.Target)
    [v0.99.1] 			.WithHitFx("vfx/vfx_attack_slash")
    [v0.99.1] 			.Execute(choiceContext);
    [v0.99.1] 			CardModel cardModel2 = base.CombatState.CreateCard<MinionDiveBomb>(base.Owner);
    [v0.99.1] 	}
    [v0.99.1] 
    [v0.99.1] 	protected override void OnUpgrade()
    [v0.99.1] 	{
    [v0.99.1] 		base.DynamicVars.Damage.UpgradeValueBy(1m);
    [v0.103.2] 	protected override IEnumerable<IHoverTip> ExtraHoverTips => new global::_003C_003Ez__ReadOnlySingleElementList<IHoverTip>(HoverTipFactory.FromCard<MinionStrike>(base.IsUpgraded));
    [v0.103.2] 		: base(1, CardType.Skill, CardRarity.Common, TargetType.Self)
    [v0.103.2] 			CardModel cardModel2 = base.CombatState.CreateCard<MinionStrike>(base.Owner);

--- believe-in-you ---
Category: changed_in_v0.99.1_to_v0.103.2

  [v0.99.1 → v0.103.2] Card changes:
    [v0.99.1] 	protected override IEnumerable<DynamicVar> CanonicalVars => new global::_003C_003Ez__ReadOnlySingleElementList<DynamicVar>(new EnergyVar(3));
    [v0.103.2] 	protected override IEnumerable<DynamicVar> CanonicalVars => new global::_003C_003Ez__ReadOnlySingleElementList<DynamicVar>(new EnergyVar(2));

--- blade-of-ink ---
Category: changed_in_v0.99.1_to_v0.103.2

  [v0.99.1 → v0.103.2] Card changes:
    [v0.99.1] 	protected override IEnumerable<IHoverTip> ExtraHoverTips => new global::_003C_003Ez__ReadOnlySingleElementList<IHoverTip>(HoverTipFactory.FromPower<StrengthPower>());
    [v0.99.1] 	protected override IEnumerable<DynamicVar> CanonicalVars => new global::_003C_003Ez__ReadOnlySingleElementList<DynamicVar>(new PowerVar<StrengthPower>(2m));
    [v0.99.1] 		await CreatureCmd.TriggerAnim(base.Owner.Creature, "Cast", base.Owner.Character.CastAnimDelay);
    [v0.99.1] 		await PowerCmd.Apply<BladeOfInkPower>(base.Owner.Creature, base.DynamicVars.Strength.IntValue, base.Owner.Creature, this);
    [v0.99.1] 		base.DynamicVars.Strength.UpgradeValueBy(1m);
    [v0.103.2] 	protected override IEnumerable<IHoverTip> ExtraHoverTips
    [v0.103.2] 	{
    [v0.103.2] 		get
    [v0.103.2] 		{
    [v0.103.2] 			List<IHoverTip> list = new List<IHoverTip>();
    [v0.103.2] 			list.Add(HoverTipFactory.FromCard<Shiv>());
    [v0.103.2] 			list.AddRange(HoverTipFactory.FromEnchantment<Inky>());
    [v0.103.2] 			return new _003C_003Ez__ReadOnlyList<IHoverTip>(list);
    [v0.103.2] 		}
    [v0.103.2] 	}
    [v0.103.2] 	protected override IEnumerable<DynamicVar> CanonicalVars => new global::_003C_003Ez__ReadOnlySingleElementList<DynamicVar>(new CardsVar(2));
    [v0.103.2] 		foreach (CardModel item in await Shiv.CreateInHand(base.Owner, base.DynamicVars.Cards.IntValue, base.CombatState))
    [v0.103.2] 		{
    [v0.103.2] 			CardCmd.Enchant<Inky>(item, 1m);
    [v0.103.2] 		}
    [v0.103.2] 		base.DynamicVars.Cards.UpgradeValueBy(1m);

--- borrowed-time ---
Category: changed_in_v0.99.1_to_v0.103.2

  [v0.99.1 → v0.103.2] Card changes:
    [v0.99.1] 	public const int doomAmount = 3;
    [v0.99.1] 		new PowerVar<DoomPower>(3m),
    [v0.99.1] 		new EnergyVar(1)
    [v0.99.1] 	protected override IEnumerable<IHoverTip> ExtraHoverTips => new global::_003C_003Ez__ReadOnlyArray<IHoverTip>(new IHoverTip[2]
    [v0.99.1] 	{
    [v0.99.1] 		HoverTipFactory.FromPower<DoomPower>(),
    [v0.99.1] 		base.EnergyHoverTip
    [v0.99.1] 	});
    [v0.99.1] 		: base(0, CardType.Skill, CardRarity.Uncommon, TargetType.Self)
    [v0.99.1] 		await PowerCmd.Apply<DoomPower>(base.Owner.Creature, base.DynamicVars.Doom.BaseValue, base.Owner.Creature, this);
    [v0.99.1] 		base.DynamicVars.Energy.UpgradeValueBy(1m);
    [v0.103.2] 	private const string _extraCostKey = "ExtraCost";
    [v0.103.2] 		new EnergyVar(4),
    [v0.103.2] 		new EnergyVar("ExtraCost", 1)
    [v0.103.2] 	protected override IEnumerable<IHoverTip> ExtraHoverTips => new global::_003C_003Ez__ReadOnlySingleElementList<IHoverTip>(base.EnergyHoverTip);
    [v0.103.2] 		: base(1, CardType.Skill, CardRarity.Uncommon, TargetType.Self)
    [v0.103.2] 		await PowerCmd.Apply<BorrowedTimePower>(base.Owner.Creature, base.DynamicVars["ExtraCost"].BaseValue, base.Owner.Creature, this);
    [v0.103.2] 		base.DynamicVars.Energy.UpgradeValueBy(2m);

--- break ---
Category: all_differ

  [v0.99.1 → v0.103.2] Card changes:
    [v0.99.1] 		: base(2, CardType.Attack, CardRarity.Ancient, TargetType.AnyEnemy)
    [v0.99.1] 		base.DynamicVars.Damage.UpgradeValueBy(5m);
    [v0.103.2] 		: base(1, CardType.Attack, CardRarity.Ancient, TargetType.AnyEnemy)
    [v0.103.2] 		base.DynamicVars.Damage.UpgradeValueBy(10m);

  [v0.103.2 → v0.107.1] Card changes:
    [v0.103.2] 			.WithHitFx("vfx/vfx_attack_blunt", null, "blunt_attack.mp3")
    [v0.103.2] 		await PowerCmd.Apply<VulnerablePower>(cardPlay.Target, base.DynamicVars.Vulnerable.BaseValue, base.Owner.Creature, this);
    [v0.107.1] 			.WithAttackerAnim(Ironclad.GetHeavyAnimIfApplicable(base.Owner.Character), Ironclad.GetHeavyAttackDelayIfApplicable(base.Owner.Character))
    [v0.107.1] 			.WithHitFx("vfx/vfx_heavy_blunt", null, "heavy_attack.mp3")
    [v0.107.1] 			.WithHitVfxSpawnedAtBase()
    [v0.107.1] 		await PowerCmd.Apply<VulnerablePower>(choiceContext, cardPlay.Target, base.DynamicVars.Vulnerable.BaseValue, base.Owner.Creature, this);

--- bulwark ---
Category: changed_in_v0.103.2_to_v0.107.1

  [v0.103.2 → v0.107.1] Card changes:
    [v0.103.2] 		new BlockVar(13m, ValueProp.Move),
    [v0.107.1] 		new BlockVar(12m, ValueProp.Move),

--- bundle-of-joy ---
Category: changed_in_v0.99.1_to_v0.103.2

  [v0.99.1 → v0.103.2] Card changes:
    [v0.99.1] 		: base(2, CardType.Skill, CardRarity.Rare, TargetType.Self)
    [v0.103.2] 		: base(1, CardType.Skill, CardRarity.Rare, TargetType.Self)

--- celestial-might ---
Category: changed_in_v0.99.1_to_v0.103.2

  [v0.99.1 → v0.103.2] Card changes:
    [v0.99.1] 		base.DynamicVars.Damage.UpgradeValueBy(2m);
    [v0.103.2] 		base.DynamicVars.Repeat.UpgradeValueBy(1m);

--- charge ---
Category: all_differ

  [v0.99.1 → v0.103.2] Card changes:
    [v0.99.1] 	protected override IEnumerable<IHoverTip> ExtraHoverTips => new global::_003C_003Ez__ReadOnlySingleElementList<IHoverTip>(HoverTipFactory.FromCard<MinionStrike>(base.IsUpgraded));
    [v0.99.1] 			CardPileAddResult? cardPileAddResult = await CardCmd.TransformTo<MinionStrike>(item);
    [v0.103.2] 	protected override IEnumerable<IHoverTip> ExtraHoverTips => new global::_003C_003Ez__ReadOnlySingleElementList<IHoverTip>(HoverTipFactory.FromCard<MinionDiveBomb>(base.IsUpgraded));
    [v0.103.2] 			CardPileAddResult? cardPileAddResult = await CardCmd.TransformTo<MinionDiveBomb>(item);

  [v0.103.2 → v0.107.1] Card changes:
    [v0.103.2] 		List<CardModel> cardsIn = (from c in PileType.Draw.GetPile(base.Owner).Cards
    [v0.103.2] 			orderby c.Rarity, c.Id
    [v0.103.2] 			select c).ToList();
    [v0.103.2] 		List<CardModel> list = (await CardSelectCmd.FromSimpleGrid(choiceContext, cardsIn, base.Owner, new CardSelectorPrefs(CardSelectorPrefs.TransformSelectionPrompt, base.DynamicVars.Cards.IntValue))).ToList();
    [v0.103.2] 		foreach (CardModel item in list)
    [v0.107.1] 		List<CardModel> selection = (await CardSelectCmd.FromCombatPile(choiceContext, PileType.Draw.GetPile(base.Owner), base.Owner, new CardSelectorPrefs(CardSelectorPrefs.TransformSelectionPrompt, base.DynamicVars.Cards.IntValue))).ToList();
    [v0.107.1] 		foreach (CardModel item in selection)

--- cinder ---
Category: all_differ

  [v0.99.1 → v0.103.2] Card changes:
    [v0.99.1] 	private const string _cardsToExhaustKey = "CardsToExhaust";
    [v0.99.1] 	protected override IEnumerable<DynamicVar> CanonicalVars => new global::_003C_003Ez__ReadOnlyArray<DynamicVar>(new DynamicVar[2]
    [v0.99.1] 	{
    [v0.99.1] 		new DamageVar(17m, ValueProp.Move),
    [v0.99.1] 		new DynamicVar("CardsToExhaust", 1m)
    [v0.99.1] 	});
    [v0.99.1] 
    [v0.99.1] 		CardPile drawPile = PileType.Draw.GetPile(base.Owner);
    [v0.99.1] 		for (int i = 0; i < base.DynamicVars["CardsToExhaust"].IntValue; i++)
    [v0.99.1] 			await CardPileCmd.ShuffleIfNecessary(choiceContext, base.Owner);
    [v0.99.1] 			CardModel cardModel = drawPile.Cards.FirstOrDefault();
    [v0.99.1] 			if (cardModel != null)
    [v0.99.1] 			{
    [v0.99.1] 				await CardCmd.Exhaust(choiceContext, cardModel);
    [v0.99.1] 			}
    [v0.99.1] 		base.DynamicVars.Damage.UpgradeValueBy(5m);
    [v0.103.2] 	protected override IEnumerable<DynamicVar> CanonicalVars => new global::_003C_003Ez__ReadOnlySingleElementList<DynamicVar>(new DamageVar(18m, ValueProp.Move));
    [v0.103.2] 		CardPile pile = PileType.Hand.GetPile(base.Owner);
    [v0.103.2] 		CardModel cardModel = base.Owner.RunState.Rng.CombatCardSelection.NextItem(pile.Cards);
    [v0.103.2] 		if (cardModel != null)
    [v0.103.2] 			await CardCmd.Exhaust(choiceContext, cardModel);
    [v0.103.2] 		base.DynamicVars.Damage.UpgradeValueBy(6m);

  [v0.103.2 → v0.107.1] Card changes:
    [v0.103.2] 		await DamageCmd.Attack(base.DynamicVars.Damage.BaseValue).FromCard(this).Targeting(cardPlay.Target)
    [v0.107.1] 		await DamageCmd.Attack(base.DynamicVars.Damage.BaseValue).FromCard(this).WithAttackerAnim(Ironclad.GetHeavyAnimIfApplicable(base.Owner.Character), Ironclad.GetHeavyAttackDelayIfApplicable(base.Owner.Character))
    [v0.107.1] 			.Targeting(cardPlay.Target)

--- collision-course ---
Category: changed_in_v0.99.1_to_v0.103.2

  [v0.99.1 → v0.103.2] Card changes:
    [v0.99.1] 	protected override IEnumerable<DynamicVar> CanonicalVars => new global::_003C_003Ez__ReadOnlySingleElementList<DynamicVar>(new DamageVar(9m, ValueProp.Move));
    [v0.99.1] 		base.DynamicVars.Damage.UpgradeValueBy(3m);
    [v0.103.2] 	protected override IEnumerable<DynamicVar> CanonicalVars => new global::_003C_003Ez__ReadOnlySingleElementList<DynamicVar>(new DamageVar(11m, ValueProp.Move));
    [v0.103.2] 		base.DynamicVars.Damage.UpgradeValueBy(4m);

--- colossus ---
Category: changed_in_v0.99.1_to_v0.103.2

  [v0.99.1 → v0.103.2] Card changes:
    [v0.99.1] 		: base(1, CardType.Skill, CardRarity.Rare, TargetType.Self)
    [v0.103.2] 		: base(1, CardType.Skill, CardRarity.Uncommon, TargetType.Self)

  [v0.103.2 → v0.107.1] Related power colossus-power changes:
    [v0.103.2] 	public override async Task AfterTurnEnd(PlayerChoiceContext choiceContext, CombatSide side)
    [v0.103.2] 			await PowerCmd.TickDownDuration(this);
    [v0.107.1] 	public override async Task AfterSideTurnEnd(PlayerChoiceContext choiceContext, CombatSide side, IEnumerable<Creature> participants)
    [v0.107.1] 			await PowerCmd.Decrement(this);

--- conflagration ---
Category: changed_in_v0.103.2_to_v0.107.1

  [v0.103.2 → v0.107.1] Card changes:
    [v0.103.2] 	protected override IEnumerable<DynamicVar> CanonicalVars => new global::_003C_003Ez__ReadOnlyArray<DynamicVar>(new DynamicVar[3]
    [v0.103.2] 		new CalculationBaseVar(8m),
    [v0.103.2] 		new ExtraDamageVar(2m),
    [v0.103.2] 		new CalculatedDamageVar(ValueProp.Move).WithMultiplier((CardModel card, Creature? _) => CombatManager.Instance.History.CardPlaysFinished.Count(delegate(CardPlayFinishedEntry e)
    [v0.103.2] 		{
    [v0.103.2] 			if (!e.HappenedThisTurn(card.CombatState))
    [v0.103.2] 			{
    [v0.103.2] 				return false;
    [v0.103.2] 			}
    [v0.103.2] 			if (e.CardPlay.Card.Type != CardType.Attack)
    [v0.103.2] 			{
    [v0.103.2] 				return false;
    [v0.103.2] 			}
    [v0.103.2] 			return (e.CardPlay.Card.Owner == card.Owner) ? true : false;
    [v0.103.2] 		}))
    [v0.103.2] 		await DamageCmd.Attack(base.DynamicVars.CalculatedDamage).FromCard(this).TargetingAllOpponents(base.CombatState)
    [v0.103.2] 		base.DynamicVars.CalculationBase.UpgradeValueBy(1m);
    [v0.103.2] 		base.DynamicVars.ExtraDamage.UpgradeValueBy(1m);
    [v0.107.1] 	protected override IEnumerable<DynamicVar> CanonicalVars => new global::_003C_003Ez__ReadOnlyArray<DynamicVar>(new DynamicVar[2]
    [v0.107.1] 		new DamageVar(2m, ValueProp.Move),
    [v0.107.1] 		new RepeatVar(4)
    [v0.107.1] 		await DamageCmd.Attack(base.DynamicVars.Damage.BaseValue).WithHitCount(base.DynamicVars.Repeat.IntValue).FromCard(this)
    [v0.107.1] 			.TargetingAllOpponents(base.CombatState)
    [v0.107.1] 		base.DynamicVars.Repeat.UpgradeValueBy(1m);

--- corrosive-wave ---
Category: changed_in_v0.99.1_to_v0.103.2

  [v0.99.1 → v0.103.2] Card changes:
    [v0.99.1] 	protected override IEnumerable<DynamicVar> CanonicalVars => new global::_003C_003Ez__ReadOnlySingleElementList<DynamicVar>(new DynamicVar("CorrosiveWave", 3m));
    [v0.103.2] 	protected override IEnumerable<DynamicVar> CanonicalVars => new global::_003C_003Ez__ReadOnlySingleElementList<DynamicVar>(new DynamicVar("CorrosiveWave", 2m));

--- crescent-spear ---
Category: changed_in_v0.103.2_to_v0.107.1

  [v0.103.2 → v0.107.1] Card changes:
    [v0.103.2] 		new CalculationBaseVar(6m),
    [v0.107.1] 		new CalculationBaseVar(8m),

--- danse-macabre ---
Category: changed_in_v0.99.1_to_v0.103.2

  [v0.99.1 → v0.103.2] Card changes:
    [v0.99.1] 		new PowerVar<DanseMacabrePower>(3m),
    [v0.99.1] 		base.DynamicVars["DanseMacabrePower"].UpgradeValueBy(1m);
    [v0.103.2] 		new PowerVar<DanseMacabrePower>(4m),
    [v0.103.2] 		base.DynamicVars["DanseMacabrePower"].UpgradeValueBy(2m);

--- death-march ---
Category: changed_in_v0.103.2_to_v0.107.1

  [v0.103.2 → v0.107.1] Card changes:
    [v0.103.2] 		new ExtraDamageVar(3m),
    [v0.103.2] 		base.DynamicVars.ExtraDamage.UpgradeValueBy(1m);
    [v0.107.1] 		new ExtraDamageVar(4m),
    [v0.107.1] 		base.DynamicVars.ExtraDamage.UpgradeValueBy(2m);

--- debilitate ---
Category: all_differ

  [v0.99.1 → v0.103.2] Card changes:
    [v0.99.1] 		new DamageVar(7m, ValueProp.Move),
    [v0.103.2] 		new DamageVar(10m, ValueProp.Move),

  [v0.103.2 → v0.107.1] Card changes:
    [v0.103.2] 		new PowerVar<DebilitatePower>(3m)
    [v0.103.2] 		await PowerCmd.Apply<DebilitatePower>(cardPlay.Target, base.DynamicVars["DebilitatePower"].BaseValue, base.Owner.Creature, this);
    [v0.107.1] 		new PowerVar<DebilitatePower>(2m)
    [v0.107.1] 		await PowerCmd.Apply<DebilitatePower>(choiceContext, cardPlay.Target, base.DynamicVars["DebilitatePower"].BaseValue, base.Owner.Creature, this);

  [v0.103.2 → v0.107.1] Related power debilitate-power changes:
    [v0.103.2] 	public override async Task AfterTurnEnd(PlayerChoiceContext choiceContext, CombatSide side)
    [v0.103.2] 		if (side == base.Owner.Side)
    [v0.107.1] 	public override async Task AfterSideTurnEnd(PlayerChoiceContext choiceContext, CombatSide side, IEnumerable<Creature> participants)
    [v0.107.1] 		if (participants.Contains(base.Owner))

--- defy ---
Category: all_differ

  [v0.99.1 → v0.103.2] Card changes:
    [v0.99.1] 		base.DynamicVars.Block.UpgradeValueBy(1m);
    [v0.99.1] 		base.DynamicVars.Weak.UpgradeValueBy(1m);
    [v0.103.2] 		base.DynamicVars.Block.UpgradeValueBy(3m);

  [v0.103.2 → v0.107.1] Card changes:
    [v0.103.2] 		await CreatureCmd.TriggerAnim(base.Owner.Creature, "Cast", base.Owner.Character.AttackAnimDelay);
    [v0.103.2] 		await PowerCmd.Apply<WeakPower>(cardPlay.Target, base.DynamicVars.Weak.BaseValue, base.Owner.Creature, this);
    [v0.107.1] 		await CreatureCmd.TriggerAnim(base.Owner.Creature, "Cast", base.Owner.Character.CastAnimDelay);
    [v0.107.1] 		await PowerCmd.Apply<WeakPower>(choiceContext, cardPlay.Target, base.DynamicVars.Weak.BaseValue, base.Owner.Creature, this);

--- dirge ---
Category: changed_in_v0.99.1_to_v0.103.2

  [v0.99.1 → v0.103.2] Card changes:
    [v0.103.2] 	public override IEnumerable<CardKeyword> CanonicalKeywords => new global::_003C_003Ez__ReadOnlySingleElementList<CardKeyword>(CardKeyword.Exhaust);
    [v0.103.2] 

--- dominate ---
Category: all_differ

  [v0.99.1 → v0.103.2] Card changes:
    [v0.99.1] 	protected override bool ShouldGlowGoldInternal => base.CombatState?.HittableEnemies.Any((Creature e) => e.HasPower<VulnerablePower>()) ?? false;
    [v0.99.1] 
    [v0.99.1] 	protected override IEnumerable<DynamicVar> CanonicalVars => new global::_003C_003Ez__ReadOnlySingleElementList<DynamicVar>(new DynamicVar("StrengthPerVulnerable", 1m));
    [v0.99.1] 		int strengthToApply = cardPlay.Target.GetPower<VulnerablePower>()?.Amount ?? 0;
    [v0.99.1] 		await PowerCmd.Apply<StrengthPower>(base.Owner.Creature, strengthToApply, base.Owner.Creature, this);
    [v0.99.1] 		RemoveKeyword(CardKeyword.Exhaust);
    [v0.103.2] 	protected override IEnumerable<DynamicVar> CanonicalVars => new global::_003C_003Ez__ReadOnlyArray<DynamicVar>(new DynamicVar[2]
    [v0.103.2] 	{
    [v0.103.2] 		new PowerVar<VulnerablePower>(1m),
    [v0.103.2] 		new DynamicVar("StrengthPerVulnerable", 1m)
    [v0.103.2] 	});
    [v0.103.2] 		await PowerCmd.Apply<VulnerablePower>(cardPlay.Target, base.DynamicVars["VulnerablePower"].BaseValue, base.Owner.Creature, this);
    [v0.103.2] 		int num = cardPlay.Target.GetPower<VulnerablePower>()?.Amount ?? 0;
    [v0.103.2] 		await PowerCmd.Apply<StrengthPower>(base.Owner.Creature, num, base.Owner.Creature, this);
    [v0.103.2] 		base.DynamicVars["VulnerablePower"].UpgradeValueBy(1m);

  [v0.103.2 → v0.107.1] Card changes:
    [v0.103.2] 		await PowerCmd.Apply<VulnerablePower>(cardPlay.Target, base.DynamicVars["VulnerablePower"].BaseValue, base.Owner.Creature, this);
    [v0.107.1] 		await PowerCmd.Apply<VulnerablePower>(choiceContext, cardPlay.Target, base.DynamicVars["VulnerablePower"].BaseValue, base.Owner.Creature, this);

--- eternal-armor ---
Category: changed_in_v0.99.1_to_v0.103.2

  [v0.99.1 → v0.103.2] Card changes:
    [v0.99.1] 	protected override IEnumerable<DynamicVar> CanonicalVars => new global::_003C_003Ez__ReadOnlySingleElementList<DynamicVar>(new PowerVar<PlatingPower>(7m));
    [v0.99.1] 		base.DynamicVars["PlatingPower"].UpgradeValueBy(2m);
    [v0.103.2] 	protected override IEnumerable<DynamicVar> CanonicalVars => new global::_003C_003Ez__ReadOnlySingleElementList<DynamicVar>(new PowerVar<PlatingPower>(9m));
    [v0.103.2] 		base.DynamicVars["PlatingPower"].UpgradeValueBy(3m);

--- expect-a-fight ---
Category: changed_in_v0.99.1_to_v0.103.2

  [v0.99.1 → v0.103.2] Card changes:
    [v0.99.1] 	protected override IEnumerable<IHoverTip> ExtraHoverTips => new global::_003C_003Ez__ReadOnlySingleElementList<IHoverTip>(base.EnergyHoverTip);
    [v0.99.1] 
    [v0.103.2] 	protected override IEnumerable<IHoverTip> ExtraHoverTips => new global::_003C_003Ez__ReadOnlySingleElementList<IHoverTip>(base.EnergyHoverTip);
    [v0.103.2] 
    [v0.103.2] 		await PowerCmd.Apply<NoEnergyGainPower>(base.Owner.Creature, 1m, base.Owner.Creature, this);

--- falling-star ---
Category: all_differ

  [v0.99.1 → v0.103.2] Card changes:
    [v0.99.1] 		new DamageVar(7m, ValueProp.Move),
    [v0.103.2] 		new DamageVar(8m, ValueProp.Move),

  [v0.103.2 → v0.107.1] Card changes:
    [v0.103.2] 		await PowerCmd.Apply<WeakPower>(cardPlay.Target, base.DynamicVars.Weak.BaseValue, base.Owner.Creature, this);
    [v0.103.2] 		await PowerCmd.Apply<VulnerablePower>(cardPlay.Target, base.DynamicVars.Vulnerable.BaseValue, base.Owner.Creature, this);
    [v0.107.1] 		await PowerCmd.Apply<WeakPower>(choiceContext, cardPlay.Target, base.DynamicVars.Weak.BaseValue, base.Owner.Creature, this);
    [v0.107.1] 		await PowerCmd.Apply<VulnerablePower>(choiceContext, cardPlay.Target, base.DynamicVars.Vulnerable.BaseValue, base.Owner.Creature, this);

--- fight-me ---
Category: all_differ

  [v0.99.1 → v0.103.2] Card changes:
    [v0.99.1] 		new PowerVar<StrengthPower>(2m),
    [v0.103.2] 		new PowerVar<StrengthPower>(3m),

  [v0.103.2 → v0.107.1] Card changes:
    [v0.103.2] 		await PowerCmd.Apply<StrengthPower>(cardPlay.Target, base.DynamicVars["EnemyStrength"].BaseValue, base.Owner.Creature, this);
    [v0.107.1] 		await PowerCmd.Apply<StrengthPower>(choiceContext, cardPlay.Target, base.DynamicVars["EnemyStrength"].BaseValue, base.Owner.Creature, this);

--- flick-flack ---
Category: changed_in_v0.99.1_to_v0.103.2

  [v0.99.1 → v0.103.2] Card changes:
    [v0.99.1] 	protected override IEnumerable<DynamicVar> CanonicalVars => new global::_003C_003Ez__ReadOnlySingleElementList<DynamicVar>(new DamageVar(7m, ValueProp.Move));
    [v0.103.2] 	protected override IEnumerable<DynamicVar> CanonicalVars => new global::_003C_003Ez__ReadOnlySingleElementList<DynamicVar>(new DamageVar(6m, ValueProp.Move));

--- folly ---
Category: changed_in_v0.99.1_to_v0.103.2

  [v0.99.1 → v0.103.2] Card changes:
    [v0.99.1] 	public override IEnumerable<CardKeyword> CanonicalKeywords => new global::_003C_003Ez__ReadOnlyArray<CardKeyword>(new CardKeyword[3]
    [v0.99.1] 		CardKeyword.Innate
    [v0.103.2] 	public override IEnumerable<CardKeyword> CanonicalKeywords => new global::_003C_003Ez__ReadOnlyArray<CardKeyword>(new CardKeyword[4]
    [v0.103.2] 		CardKeyword.Innate,
    [v0.103.2] 		CardKeyword.Ethereal

--- forgotten-ritual ---
Category: all_differ

  [v0.99.1 → v0.103.2] Card changes:
    [v0.103.2] 	public override IEnumerable<CardKeyword> CanonicalKeywords => new global::_003C_003Ez__ReadOnlySingleElementList<CardKeyword>(CardKeyword.Exhaust);
    [v0.103.2] 

  [v0.103.2 → v0.107.1] Card changes:
    [v0.103.2] 		NCombatRoom.Instance?.CombatVfxContainer.AddChildSafely(NGroundFireVfx.Create(base.Owner.Creature, VfxColor.Purple));
    [v0.103.2] 		await CreatureCmd.TriggerAnim(base.Owner.Creature, "Cast", base.Owner.Character.CastAnimDelay);
    [v0.107.1] 			NGroundFireVfx child = NGroundFireVfx.Create(base.Owner.Creature, VfxColor.Purple);
    [v0.107.1] 			NCombatRoom.Instance?.CombatVfxContainer.AddChildSafely(child);
    [v0.107.1] 			await CreatureCmd.TriggerAnim(base.Owner.Creature, "Cast", base.Owner.Character.CastAnimDelay);

--- furnace ---
Category: changed_in_v0.103.2_to_v0.107.1

  [v0.103.2 → v0.107.1] Card changes:
    [v0.103.2] 	protected override IEnumerable<DynamicVar> CanonicalVars => new global::_003C_003Ez__ReadOnlySingleElementList<DynamicVar>(new ForgeVar(4));
    [v0.107.1] 	protected override IEnumerable<DynamicVar> CanonicalVars => new global::_003C_003Ez__ReadOnlySingleElementList<DynamicVar>(new ForgeVar(5));

  [v0.103.2 → v0.107.1] Related power furnace-power changes:
    [v0.103.2] 	public override async Task AfterSideTurnStart(CombatSide side, CombatState combatState)
    [v0.103.2] 		if (side == base.Owner.Side)
    [v0.107.1] 	public override async Task AfterSideTurnStart(CombatSide side, IReadOnlyList<Creature> participants, ICombatState combatState)
    [v0.107.1] 		if (participants.Contains(base.Owner))

--- fusion ---
Category: changed_in_v0.103.2_to_v0.107.1

  [v0.103.2 → v0.107.1] Card changes:
    [v0.103.2] 		: base(2, CardType.Skill, CardRarity.Uncommon, TargetType.Self)
    [v0.103.2] 		base.EnergyCost.UpgradeBy(-1);
    [v0.107.1] 	public override IEnumerable<CardKeyword> CanonicalKeywords => new global::_003C_003Ez__ReadOnlySingleElementList<CardKeyword>(CardKeyword.Exhaust);
    [v0.107.1] 
    [v0.107.1] 		: base(1, CardType.Skill, CardRarity.Uncommon, TargetType.Self)
    [v0.107.1] 		RemoveKeyword(CardKeyword.Exhaust);

--- gather-light ---
Category: changed_in_v0.99.1_to_v0.103.2

  [v0.99.1 → v0.103.2] Card changes:
    [v0.99.1] 		new BlockVar(7m, ValueProp.Move),
    [v0.103.2] 		new BlockVar(8m, ValueProp.Move),

--- glitterstream ---
Category: changed_in_v0.99.1_to_v0.103.2

  [v0.99.1 → v0.103.2] Card changes:
    [v0.99.1] 		new BlockVar("BlockNextTurn", 4m, ValueProp.Move)
    [v0.103.2] 		new BlockVar("BlockNextTurn", 5m, ValueProp.Move)

--- glow ---
Category: changed_in_v0.99.1_to_v0.103.2

  [v0.99.1 → v0.103.2] Card changes:
    [v0.99.1] 		new CardsVar(2)
    [v0.103.2] 		new CardsVar(1)
    [v0.103.2] 		await PowerCmd.Apply<DrawCardsNextTurnPower>(base.Owner.Creature, base.DynamicVars.Cards.BaseValue, base.Owner.Creature, this);

--- grand-finale ---
Category: all_differ

  [v0.99.1 → v0.103.2] Card changes:
    [v0.99.1] 	protected override IEnumerable<DynamicVar> CanonicalVars => new global::_003C_003Ez__ReadOnlySingleElementList<DynamicVar>(new DamageVar(50m, ValueProp.Move));
    [v0.99.1] 		base.DynamicVars.Damage.UpgradeValueBy(10m);
    [v0.103.2] 	protected override IEnumerable<DynamicVar> CanonicalVars => new global::_003C_003Ez__ReadOnlySingleElementList<DynamicVar>(new DamageVar(60m, ValueProp.Move));
    [v0.103.2] 		base.DynamicVars.Damage.UpgradeValueBy(15m);

  [v0.103.2 → v0.107.1] Card changes:
    [v0.103.2] 			.WithHitFx("vfx/vfx_attack_slash", null, "blunt_attack.mp3")
    [v0.107.1] 		NGrandFinaleVfx nGrandFinaleVfx = NGrandFinaleVfx.Create(base.Owner.Creature);
    [v0.107.1] 		if (nGrandFinaleVfx != null)
    [v0.107.1] 		{
    [v0.107.1] 			NCombatRoom.Instance?.CombatVfxContainer.AddChildSafely(nGrandFinaleVfx);
    [v0.107.1] 			await Cmd.Wait(NGrandFinaleVfx.totalAnticipationDuration);
    [v0.107.1] 		}
    [v0.107.1] 			.WithHitVfxNode(NGrandFinaleImpactVfx.Create)
    [v0.107.1] 			.WithHitFx(null, null, "blunt_attack.mp3")

--- grave-warden ---
Category: changed_in_v0.99.1_to_v0.103.2

  [v0.99.1 → v0.103.2] Card changes:
    [v0.99.1] 	protected override IEnumerable<IHoverTip> ExtraHoverTips => new global::_003C_003Ez__ReadOnlySingleElementList<IHoverTip>(HoverTipFactory.FromCard<Soul>(base.IsUpgraded));
    [v0.99.1] 		List<Soul> list = Soul.Create(base.Owner, base.DynamicVars.Cards.IntValue, base.CombatState).ToList();
    [v0.99.1] 		if (base.IsUpgraded)
    [v0.99.1] 		{
    [v0.99.1] 			foreach (Soul item in list)
    [v0.99.1] 			{
    [v0.99.1] 				CardCmd.Upgrade(item);
    [v0.99.1] 			}
    [v0.99.1] 		}
    [v0.99.1] 		CardCmd.PreviewCardPileAdd(await CardPileCmd.AddGeneratedCardsToCombat(list, PileType.Draw, addedByPlayer: true, CardPilePosition.Random));
    [v0.99.1] 		base.DynamicVars.Block.UpgradeValueBy(2m);
    [v0.103.2] 	protected override IEnumerable<IHoverTip> ExtraHoverTips => new global::_003C_003Ez__ReadOnlySingleElementList<IHoverTip>(HoverTipFactory.FromCard<Soul>());
    [v0.103.2] 		CardCmd.PreviewCardPileAdd(await CardPileCmd.AddGeneratedCardsToCombat(Soul.Create(base.Owner, base.DynamicVars.Cards.IntValue, base.CombatState), PileType.Draw, addedByPlayer: true, CardPilePosition.Random));
    [v0.103.2] 		base.DynamicVars.Block.UpgradeValueBy(3m);

--- guiding-star ---
Category: changed_in_v0.99.1_to_v0.103.2

  [v0.99.1 → v0.103.2] Card changes:
    [v0.99.1] 		await PowerCmd.Apply<DrawCardsNextTurnPower>(base.Owner.Creature, base.DynamicVars.Cards.BaseValue, base.Owner.Creature, this);
    [v0.103.2] 		await CardPileCmd.Draw(choiceContext, base.DynamicVars.Cards.BaseValue, base.Owner);

--- heirloom-hammer ---
Category: changed_in_v0.99.1_to_v0.103.2

  [v0.99.1 → v0.103.2] Card changes:
    [v0.99.1] 		new DamageVar(17m, ValueProp.Move),
    [v0.103.2] 		new DamageVar(20m, ValueProp.Move),

--- hemokinesis ---
Category: changed_in_v0.99.1_to_v0.103.2

  [v0.99.1 → v0.103.2] Card changes:
    [v0.99.1] 		new DamageVar(14m, ValueProp.Move)
    [v0.103.2] 		new DamageVar(15m, ValueProp.Move)

--- hidden-gem ---
Category: changed_in_v0.99.1_to_v0.103.2

  [v0.99.1 → v0.103.2] Card changes:
    [v0.103.2] 	public override bool CanBeGeneratedInCombat => false;
    [v0.103.2] 
    [v0.99.1] 			return flag2;
    [v0.103.2] 			return flag2 && c.GetEnchantedReplayCount() < 1;

--- hotfix ---
Category: changed_in_v0.99.1_to_v0.103.2

  [v0.99.1 → v0.103.2] Card changes:
    [v0.99.1] 		base.DynamicVars["FocusPower"].UpgradeValueBy(1m);
    [v0.103.2] 	public override IEnumerable<CardKeyword> CanonicalKeywords => new global::_003C_003Ez__ReadOnlySingleElementList<CardKeyword>(CardKeyword.Exhaust);
    [v0.103.2] 
    [v0.103.2] 		RemoveKeyword(CardKeyword.Exhaust);

--- huddle-up ---
Category: changed_in_v0.99.1_to_v0.103.2

  [v0.99.1 → v0.103.2] Card changes:
    [v0.103.2] 	public override IEnumerable<CardKeyword> CanonicalKeywords => new global::_003C_003Ez__ReadOnlySingleElementList<CardKeyword>(CardKeyword.Exhaust);
    [v0.103.2] 

--- i-am-invincible ---
Category: all_differ

  [v0.99.1 → v0.103.2] Card changes:
    [v0.99.1] 	protected override IEnumerable<DynamicVar> CanonicalVars => new global::_003C_003Ez__ReadOnlySingleElementList<DynamicVar>(new BlockVar(9m, ValueProp.Move));
    [v0.103.2] 	protected override IEnumerable<DynamicVar> CanonicalVars => new global::_003C_003Ez__ReadOnlySingleElementList<DynamicVar>(new BlockVar(10m, ValueProp.Move));

  [v0.103.2 → v0.107.1] Card changes:
    [v0.103.2] 	public override async Task AfterTurnEnd(PlayerChoiceContext choiceContext, CombatSide side)
    [v0.103.2] 		if (side == base.Owner.Creature.Side)
    [v0.107.1] 	public override async Task AfterAutoPostPlayPhaseEntered(PlayerChoiceContext choiceContext, Player player)
    [v0.107.1] 		if (player == base.Owner)

--- kingly-kick ---
Category: changed_in_v0.99.1_to_v0.103.2

  [v0.99.1 → v0.103.2] Card changes:
    [v0.99.1] 	protected override IEnumerable<DynamicVar> CanonicalVars => new global::_003C_003Ez__ReadOnlySingleElementList<DynamicVar>(new DamageVar(24m, ValueProp.Move));
    [v0.99.1] 		base.DynamicVars.Damage.UpgradeValueBy(6m);
    [v0.103.2] 	protected override IEnumerable<DynamicVar> CanonicalVars => new global::_003C_003Ez__ReadOnlySingleElementList<DynamicVar>(new DamageVar(27m, ValueProp.Move));
    [v0.103.2] 		base.DynamicVars.Damage.UpgradeValueBy(8m);

--- kingly-punch ---
Category: changed_in_v0.99.1_to_v0.103.2

  [v0.99.1 → v0.103.2] Card changes:
    [v0.99.1] 		new DynamicVar("Increase", 3m)
    [v0.103.2] 		new DynamicVar("Increase", 4m)
    [v0.103.2] 		base.DynamicVars.Damage.UpgradeValueBy(2m);

--- leading-strike ---
Category: changed_in_v0.99.1_to_v0.103.2

  [v0.99.1 → v0.103.2] Card changes:
    [v0.99.1] 		new CardsVar("Shivs", 1),
    [v0.99.1] 		new DamageVar(7m, ValueProp.Move)
    [v0.103.2] 		new CardsVar("Shivs", 2),
    [v0.103.2] 		new DamageVar(3m, ValueProp.Move)

--- memento-mori ---
Category: changed_in_v0.99.1_to_v0.103.2

  [v0.99.1 → v0.103.2] Card changes:
    [v0.99.1] 		new CalculationBaseVar(8m),
    [v0.103.2] 		new CalculationBaseVar(9m),

--- minion-dive-bomb ---
Category: changed_in_v0.99.1_to_v0.103.2

  [v0.99.1 → v0.103.2] Card changes:
    [v0.99.1] 		: base(1, CardType.Attack, CardRarity.Token, TargetType.AnyEnemy)
    [v0.103.2] 		: base(0, CardType.Attack, CardRarity.Token, TargetType.AnyEnemy)

--- minion-strike ---
Category: changed_in_v0.99.1_to_v0.103.2

  [v0.99.1 → v0.103.2] Card changes:
    [v0.99.1] 		new DamageVar(7m, ValueProp.Move),
    [v0.103.2] 		new DamageVar(6m, ValueProp.Move),

--- neows-fury ---
Category: all_differ

  [v0.99.1 → v0.103.2] Card changes:
    [v0.103.2] 		base.DynamicVars.Cards.UpgradeValueBy(1m);

  [v0.103.2 → v0.107.1] Card changes:
    [v0.103.2] 		IEnumerable<CardModel> enumerable = PileType.Discard.GetPile(base.Owner).Cards.TakeRandom(base.DynamicVars.Cards.IntValue, base.Owner.RunState.Rng.CombatCardSelection);
    [v0.103.2] 		foreach (CardModel item in enumerable)
    [v0.103.2] 			await CardPileCmd.Add(item, PileType.Hand);
    [v0.107.1] 		int num = Math.Min(base.DynamicVars.Cards.IntValue, CardPile.MaxCardsInHand - PileType.Hand.GetPile(base.Owner).Cards.Count);
    [v0.107.1] 		if (num > 0)
    [v0.107.1] 			await CardPileCmd.Add(await CardSelectCmd.FromCombatPile(choiceContext, PileType.Discard.GetPile(base.Owner), base.Owner, new CardSelectorPrefs(base.SelectionScreenPrompt, 0, num)), PileType.Hand);

--- parry ---
Category: changed_in_v0.99.1_to_v0.103.2

  [v0.99.1 → v0.103.2] Card changes:
    [v0.99.1] 	protected override IEnumerable<DynamicVar> CanonicalVars => new global::_003C_003Ez__ReadOnlySingleElementList<DynamicVar>(new PowerVar<ParryPower>(6m));
    [v0.99.1] 		base.DynamicVars["ParryPower"].UpgradeValueBy(3m);
    [v0.103.2] 	protected override IEnumerable<DynamicVar> CanonicalVars => new global::_003C_003Ez__ReadOnlySingleElementList<DynamicVar>(new PowerVar<ParryPower>(10m));
    [v0.103.2] 		base.DynamicVars["ParryPower"].UpgradeValueBy(4m);

  [v0.103.2 → v0.107.1] Related power parry-power changes:
    [v0.103.2] 
    [v0.103.2] 	public async Task AfterSovereignBladePlayed(Creature? dealer, IEnumerable<DamageResult> damageResults)
    [v0.103.2] 	{
    [v0.103.2] 		if (dealer != null && dealer == base.Owner)
    [v0.103.2] 		{
    [v0.103.2] 			Flash();
    [v0.103.2] 			await CreatureCmd.GainBlock(dealer, base.Amount, ValueProp.Unpowered, null);
    [v0.103.2] 		}
    [v0.103.2] 	}
    [v0.107.1] /// <summary>
    [v0.107.1] /// This power doesn't actually do anything on its own. Instead, the <see cref="T:MegaCrit.Sts2.Core.Models.Cards.SovereignBlade" /> card checks for its
    [v0.107.1] /// existence and modifies its block.
    [v0.107.1] /// </summary>

--- patter ---
Category: all_differ

  [v0.99.1 → v0.103.2] Card changes:
    [v0.99.1] 		new BlockVar(8m, ValueProp.Move),
    [v0.103.2] 		new BlockVar(9m, ValueProp.Move),

  [v0.103.2 → v0.107.1] Card changes:
    [v0.103.2] 		new BlockVar(9m, ValueProp.Move),
    [v0.107.1] 		new BlockVar(8m, ValueProp.Move),

--- pinpoint ---
Category: all_differ

  [v0.99.1 → v0.103.2] Card changes:
    [v0.99.1] 	protected override IEnumerable<DynamicVar> CanonicalVars => new global::_003C_003Ez__ReadOnlySingleElementList<DynamicVar>(new DamageVar(17m, ValueProp.Move));
    [v0.99.1] 		base.DynamicVars.Damage.UpgradeValueBy(5m);
    [v0.103.2] 	protected override IEnumerable<DynamicVar> CanonicalVars => new global::_003C_003Ez__ReadOnlySingleElementList<DynamicVar>(new DamageVar(15m, ValueProp.Move));
    [v0.103.2] 		base.DynamicVars.Damage.UpgradeValueBy(4m);

  [v0.103.2 → v0.107.1] Card changes:
    [v0.103.2] 	public override Task AfterCardPlayed(PlayerChoiceContext context, CardPlay cardPlay)
    [v0.107.1] 	public override Task AfterCardPlayed(PlayerChoiceContext choiceContext, CardPlay cardPlay)

--- production ---
Category: changed_in_v0.99.1_to_v0.103.2

  [v0.99.1 → v0.103.2] Card changes:
    [v0.99.1] 		RemoveKeyword(CardKeyword.Exhaust);
    [v0.103.2] 		base.DynamicVars.Energy.UpgradeValueBy(1m);

--- refine-blade ---
Category: changed_in_v0.99.1_to_v0.103.2

  [v0.99.1 → v0.103.2] Card changes:
    [v0.99.1] 		new ForgeVar(6),
    [v0.103.2] 		new ForgeVar(9),

--- rip-and-tear ---
Category: changed_in_v0.99.1_to_v0.103.2

  [v0.99.1 → v0.103.2] Card changes:
    [v0.99.1] 		: base(1, CardType.Attack, CardRarity.Uncommon, TargetType.RandomEnemy)
    [v0.103.2] 		: base(1, CardType.Attack, CardRarity.Event, TargetType.RandomEnemy)

--- sculpting-strike ---
Category: all_differ

  [v0.99.1 → v0.103.2] Card changes:
    [v0.99.1] 	protected override IEnumerable<DynamicVar> CanonicalVars => new global::_003C_003Ez__ReadOnlySingleElementList<DynamicVar>(new DamageVar(8m, ValueProp.Move));
    [v0.103.2] 	protected override IEnumerable<DynamicVar> CanonicalVars => new global::_003C_003Ez__ReadOnlySingleElementList<DynamicVar>(new DamageVar(9m, ValueProp.Move));

  [v0.103.2 → v0.107.1] Card changes:
    [v0.103.2] 		CardModel cardModel = (await CardSelectCmd.FromHand(prefs: new CardSelectorPrefs(base.SelectionScreenPrompt, 1), context: choiceContext, player: base.Owner, filter: (CardModel c) => !c.Keywords.Contains(CardKeyword.Ethereal), source: this)).FirstOrDefault();
    [v0.107.1] 		CardModel cardModel = (await CardSelectCmd.FromHand(choiceContext, base.Owner, new CardSelectorPrefs(base.SelectionScreenPrompt, 1), (CardModel c) => !c.GetKeywordsWithSources(KeywordSources.Local).Contains(CardKeyword.Ethereal), this)).FirstOrDefault();

--- seance ---
Category: all_differ

  [v0.99.1 → v0.103.2] Card changes:
    [v0.99.1] 	protected override IEnumerable<IHoverTip> ExtraHoverTips => new global::_003C_003Ez__ReadOnlySingleElementList<IHoverTip>(HoverTipFactory.FromCard<Soul>(base.IsUpgraded));
    [v0.99.1] 		: base(0, CardType.Skill, CardRarity.Rare, TargetType.Self)
    [v0.99.1] 			CardPileAddResult? cardPileAddResult = await CardCmd.TransformTo<Soul>(item);
    [v0.99.1] 			if (base.IsUpgraded && cardPileAddResult.HasValue)
    [v0.99.1] 			{
    [v0.99.1] 				CardCmd.Upgrade(cardPileAddResult.Value.cardAdded);
    [v0.99.1] 			}
    [v0.103.2] 	protected override IEnumerable<IHoverTip> ExtraHoverTips => new global::_003C_003Ez__ReadOnlySingleElementList<IHoverTip>(HoverTipFactory.FromCard<Soul>());
    [v0.103.2] 		: base(1, CardType.Skill, CardRarity.Rare, TargetType.Self)
    [v0.103.2] 			await CardCmd.TransformTo<Soul>(item);
    [v0.103.2] 	}
    [v0.103.2] 
    [v0.103.2] 	protected override void OnUpgrade()
    [v0.103.2] 	{
    [v0.103.2] 		base.EnergyCost.UpgradeBy(-1);

  [v0.103.2 → v0.107.1] Card changes:
    [v0.103.2] 		List<CardModel> cardsIn = (from c in PileType.Draw.GetPile(base.Owner).Cards
    [v0.103.2] 			orderby c.Rarity, c.Id
    [v0.103.2] 			select c).ToList();
    [v0.103.2] 		List<CardModel> list = (await CardSelectCmd.FromSimpleGrid(choiceContext, cardsIn, base.Owner, new CardSelectorPrefs(CardSelectorPrefs.TransformSelectionPrompt, base.DynamicVars.Cards.IntValue))).ToList();
    [v0.103.2] 		foreach (CardModel item in list)
    [v0.107.1] 		List<CardModel> selection = (await CardSelectCmd.FromCombatPile(choiceContext, PileType.Draw.GetPile(base.Owner), base.Owner, new CardSelectorPrefs(CardSelectorPrefs.TransformSelectionPrompt, base.DynamicVars.Cards.IntValue))).ToList();
    [v0.107.1] 		foreach (CardModel item in selection)

--- seeker-strike ---
Category: all_differ

  [v0.99.1 → v0.103.2] Card changes:
    [v0.99.1] 		new DamageVar(6m, ValueProp.Move),
    [v0.103.2] 		new DamageVar(9m, ValueProp.Move),

  [v0.103.2 → v0.107.1] Card changes:
    [v0.103.2] 		IEnumerable<CardModel> source = PileType.Draw.GetPile(base.Owner).Cards.ToList().StableShuffle(base.Owner.RunState.Rng.CombatCardSelection);
    [v0.103.2] 		CardModel cardModel = (await CardSelectCmd.FromSimpleGrid(choiceContext, source.Take(base.DynamicVars.Cards.IntValue).ToList(), base.Owner, new CardSelectorPrefs(base.SelectionScreenPrompt, 1))).FirstOrDefault();
    [v0.107.1] 		IEnumerable<CardModel> cardOptions = PileType.Draw.GetPile(base.Owner).Cards.ToList().StableShuffle(base.Owner.RunState.Rng.CombatCardSelection).Take(base.DynamicVars.Cards.IntValue);
    [v0.107.1] 		CardModel cardModel = (await CardSelectCmd.FromCombatPile(choiceContext, PileType.Draw.GetPile(base.Owner), base.Owner, new CardSelectorPrefs(base.SelectionScreenPrompt, 1), (CardModel c) => cardOptions.Contains(c))).FirstOrDefault();

--- serpent-form ---
Category: changed_in_v0.99.1_to_v0.103.2

  [v0.99.1 → v0.103.2] Card changes:
    [v0.99.1] 		base.DynamicVars["SerpentFormPower"].UpgradeValueBy(1m);
    [v0.103.2] 		base.DynamicVars["SerpentFormPower"].UpgradeValueBy(2m);

--- skewer ---
Category: changed_in_v0.99.1_to_v0.103.2

  [v0.99.1 → v0.103.2] Card changes:
    [v0.99.1] 	protected override IEnumerable<DynamicVar> CanonicalVars => new global::_003C_003Ez__ReadOnlySingleElementList<DynamicVar>(new DamageVar(7m, ValueProp.Move));
    [v0.103.2] 	protected override IEnumerable<DynamicVar> CanonicalVars => new global::_003C_003Ez__ReadOnlySingleElementList<DynamicVar>(new DamageVar(8m, ValueProp.Move));

--- solar-strike ---
Category: changed_in_v0.99.1_to_v0.103.2

  [v0.99.1 → v0.103.2] Card changes:
    [v0.99.1] 		new DamageVar(8m, ValueProp.Move),
    [v0.103.2] 		new DamageVar(9m, ValueProp.Move),

--- speedster ---
Category: changed_in_v0.99.1_to_v0.103.2

  [v0.99.1 → v0.103.2] Card changes:
    [v0.99.1] 		base.DynamicVars["SpeedsterPower"].UpgradeValueBy(1m);
    [v0.103.2] 		AddKeyword(CardKeyword.Innate);

--- spite ---
Category: changed_in_v0.99.1_to_v0.103.2

  [v0.99.1 → v0.103.2] Card changes:
    [v0.99.1] 	protected override bool ShouldGlowGoldInternal => TookDamageThisTurn;
    [v0.99.1] 	private bool TookDamageThisTurn => CombatManager.Instance.History.Entries.OfType<DamageReceivedEntry>().Any((DamageReceivedEntry e) => e.HappenedThisTurn(base.CombatState) && e.Receiver == base.Owner.Creature && e.Result.UnblockedDamage > 0 && e.CurrentSide == CombatSide.Player);
    [v0.99.1] 
    [v0.99.1] 		new DamageVar(6m, ValueProp.Move),
    [v0.99.1] 		new CardsVar(1)
    [v0.99.1] 		await DamageCmd.Attack(base.DynamicVars.Damage.BaseValue).FromCard(this).Targeting(cardPlay.Target)
    [v0.99.1] 		if (TookDamageThisTurn)
    [v0.99.1] 		{
    [v0.99.1] 			await CardPileCmd.Draw(choiceContext, base.DynamicVars.Cards.IntValue, base.Owner);
    [v0.99.1] 		}
    [v0.99.1] 		base.DynamicVars.Damage.UpgradeValueBy(3m);
    [v0.103.2] 	protected override bool ShouldGlowGoldInternal => LostHpThisTurn(base.Owner.Creature);
    [v0.103.2] 		new DamageVar(5m, ValueProp.Move),
    [v0.103.2] 		new RepeatVar(2)
    [v0.103.2] 		int hitCount = ((!LostHpThisTurn(base.Owner.Creature)) ? 1 : base.DynamicVars.Repeat.IntValue);
    [v0.103.2] 		await DamageCmd.Attack(base.DynamicVars.Damage.BaseValue).WithHitCount(hitCount).FromCard(this)
    [v0.103.2] 			.Targeting(cardPlay.Target)
    [v0.103.2] 		base.DynamicVars.Repeat.UpgradeValueBy(1m);
    [v0.103.2] 	}
    [v0.103.2] 
    [v0.103.2] 	private static bool LostHpThisTurn(Creature creature)
    [v0.103.2] 	{
    [v0.103.2] 		return CombatManager.Instance.History.Entries.OfType<DamageReceivedEntry>().Any((DamageReceivedEntry e) => e.HappenedThisTurn(creature.CombatState) && e.Receiver == creature && e.Result.UnblockedDamage > 0);

--- spoils-of-battle ---
Category: changed_in_v0.99.1_to_v0.103.2

  [v0.99.1 → v0.103.2] Card changes:
    [v0.99.1] 	protected override IEnumerable<DynamicVar> CanonicalVars => new global::_003C_003Ez__ReadOnlySingleElementList<DynamicVar>(new ForgeVar(10));
    [v0.99.1] 		base.DynamicVars.Forge.UpgradeValueBy(5m);
    [v0.103.2] 	protected override IEnumerable<DynamicVar> CanonicalVars => new global::_003C_003Ez__ReadOnlyArray<DynamicVar>(new DynamicVar[2]
    [v0.103.2] 	{
    [v0.103.2] 		new ForgeVar(5),
    [v0.103.2] 		new CardsVar(2)
    [v0.103.2] 	});
    [v0.103.2] 		await CardPileCmd.Draw(choiceContext, base.DynamicVars.Cards.BaseValue, base.Owner);
    [v0.103.2] 		base.DynamicVars.Forge.UpgradeValueBy(3m);

--- stoke ---
Category: changed_in_v0.99.1_to_v0.103.2

  [v0.99.1 → v0.103.2] Card changes:
    [v0.99.1] 	public override IEnumerable<CardKeyword> CanonicalKeywords => new global::_003C_003Ez__ReadOnlySingleElementList<CardKeyword>(CardKeyword.Exhaust);
    [v0.99.1] 
    [v0.99.1] 		int cardCount = list.Count;
    [v0.99.1] 		await CardPileCmd.Draw(choiceContext, cardCount, base.Owner);
    [v0.99.1] 	}
    [v0.99.1] 
    [v0.99.1] 	protected override void OnUpgrade()
    [v0.99.1] 	{
    [v0.99.1] 		base.EnergyCost.UpgradeBy(-1);
    [v0.103.2] 		int exhaustCount = list.Count;
    [v0.103.2] 		List<CardModel> cards = CardFactory.GetForCombat(base.Owner, base.Owner.Character.CardPool.GetUnlockedCards(base.Owner.UnlockState, base.Owner.RunState.CardMultiplayerConstraint), exhaustCount, base.Owner.RunState.Rng.CombatCardGeneration).ToList();
    [v0.103.2] 		if (base.IsUpgraded)
    [v0.103.2] 		{
    [v0.103.2] 			CardCmd.Upgrade(cards, CardPreviewStyle.None);
    [v0.103.2] 		}
    [v0.103.2] 		await CardPileCmd.AddGeneratedCardsToCombat(cards, PileType.Hand, addedByPlayer: true);

--- sword-sage ---
Category: changed_in_v0.103.2_to_v0.107.1

  [v0.103.2 → v0.107.1] Card changes:
    [v0.103.2] 	protected override IEnumerable<IHoverTip> ExtraHoverTips => HoverTipFactory.FromCardWithCardHoverTips<SovereignBlade>();
    [v0.107.1] 	protected override IEnumerable<IHoverTip> ExtraHoverTips
    [v0.107.1] 	{
    [v0.107.1] 		get
    [v0.107.1] 		{
    [v0.107.1] 			List<IHoverTip> list = new List<IHoverTip>();
    [v0.107.1] 			list.AddRange(HoverTipFactory.FromCardWithCardHoverTips<SovereignBlade>());
    [v0.107.1] 			list.Add(HoverTipFactory.Static(StaticHoverTip.ReplayStatic));
    [v0.107.1] 			return new _003C_003Ez__ReadOnlyList<IHoverTip>(list);
    [v0.107.1] 		}
    [v0.107.1] 	}

--- tremble ---
Category: all_differ

  [v0.99.1 → v0.103.2] Card changes:
    [v0.99.1] 	protected override IEnumerable<DynamicVar> CanonicalVars => new global::_003C_003Ez__ReadOnlySingleElementList<DynamicVar>(new PowerVar<VulnerablePower>(2m));
    [v0.103.2] 	public override IEnumerable<CardKeyword> CanonicalKeywords => new global::_003C_003Ez__ReadOnlySingleElementList<CardKeyword>(CardKeyword.Exhaust);
    [v0.103.2] 
    [v0.103.2] 	protected override IEnumerable<DynamicVar> CanonicalVars => new global::_003C_003Ez__ReadOnlySingleElementList<DynamicVar>(new PowerVar<VulnerablePower>(3m));

  [v0.103.2 → v0.107.1] Card changes:
    [v0.103.2] 		await PowerCmd.Apply<VulnerablePower>(cardPlay.Target, base.DynamicVars.Vulnerable.BaseValue, base.Owner.Creature, this);
    [v0.107.1] 		await PowerCmd.Apply<VulnerablePower>(choiceContext, cardPlay.Target, base.DynamicVars.Vulnerable.BaseValue, base.Owner.Creature, this);

--- untouchable ---
Category: all_differ

  [v0.99.1 → v0.103.2] Card changes:
    [v0.99.1] 	protected override IEnumerable<DynamicVar> CanonicalVars => new global::_003C_003Ez__ReadOnlySingleElementList<DynamicVar>(new BlockVar(9m, ValueProp.Move));
    [v0.99.1] 		base.DynamicVars.Block.UpgradeValueBy(3m);
    [v0.103.2] 	protected override IEnumerable<DynamicVar> CanonicalVars => new global::_003C_003Ez__ReadOnlySingleElementList<DynamicVar>(new BlockVar(6m, ValueProp.Move));
    [v0.103.2] 		base.DynamicVars.Block.UpgradeValueBy(2m);

  [v0.103.2 → v0.107.1] Card changes:
    [v0.103.2] 		base.DynamicVars.Block.UpgradeValueBy(2m);
    [v0.107.1] 		base.DynamicVars.Block.UpgradeValueBy(3m);

--- void-form ---
Category: changed_in_v0.99.1_to_v0.103.2

  [v0.99.1 → v0.103.2] Card changes:
    [v0.99.1] 		base.DynamicVars["VoidFormPower"].UpgradeValueBy(1m);
    [v0.103.2] 	public override IEnumerable<CardKeyword> CanonicalKeywords => new global::_003C_003Ez__ReadOnlySingleElementList<CardKeyword>(CardKeyword.Ethereal);
    [v0.103.2] 
    [v0.103.2] 		RemoveKeyword(CardKeyword.Ethereal);

--- voltaic ---
Category: changed_in_v0.99.1_to_v0.103.2

  [v0.99.1 → v0.103.2] Card changes:
    [v0.99.1] 		: base(2, CardType.Skill, CardRarity.Rare, TargetType.Self)
    [v0.103.2] 		: base(3, CardType.Skill, CardRarity.Rare, TargetType.Self)

--- wrought-in-war ---
Category: changed_in_v0.99.1_to_v0.103.2

  [v0.99.1 → v0.103.2] Card changes:
    [v0.99.1] 		new ForgeVar(5)
    [v0.103.2] 		new ForgeVar(7)



================================================================================
CARD SUMMARY
Versions: v0.99.1 → v0.103.2 → v0.107.1
================================================================================

all_differ (20 cards):
  - banshees-cry
  - break
  - charge
  - cinder
  - debilitate
  - defy
  - dominate
  - falling-star
  - fight-me
  - forgotten-ritual
  - grand-finale
  - i-am-invincible
  - neows-fury
  - patter
  - pinpoint
  - sculpting-strike
  - seance
  - seeker-strike
  - tremble
  - untouchable

changed_in_v0.103.2_to_v0.107.1 (8 cards):
  - astral-pulse
  - bulwark
  - conflagration
  - crescent-spear
  - death-march
  - furnace
  - fusion
  - sword-sage

changed_in_v0.99.1_to_v0.103.2 (49 cards):
  - acrobatics
  - alignment
  - anticipate
  - arsenal
  - begone
  - believe-in-you
  - blade-of-ink
  - borrowed-time
  - bundle-of-joy
  - celestial-might
  - collision-course
  - colossus
  - corrosive-wave
  - danse-macabre
  - dirge
  - eternal-armor
  - expect-a-fight
  - flick-flack
  - folly
  - gather-light
  - glitterstream
  - glow
  - grave-warden
  - guiding-star
  - heirloom-hammer
  - hemokinesis
  - hidden-gem
  - hotfix
  - huddle-up
  - kingly-kick
  - kingly-punch
  - leading-strike
  - memento-mori
  - minion-dive-bomb
  - minion-strike
  - parry
  - production
  - refine-blade
  - rip-and-tear
  - serpent-form
  - skewer
  - solar-strike
  - speedster
  - spite
  - spoils-of-battle
  - stoke
  - void-form
  - voltaic
  - wrought-in-war



================================================================================
POWER CHANGES (all powers, not just card-related)
Versions: v0.99.1 → v0.103.2 → v0.107.1
================================================================================

all_differ (19 powers):

  arsenal-power (v0.99.1→v0.103.2: 4 lines, v0.103.2→v0.107.1: 6 lines)
    [v0.99.1 → v0.103.2]
      [v0.99.1] 	public override async Task AfterCardPlayed(PlayerChoiceContext context, CardPlay cardPlay)
      [v0.99.1] 		if (cardPlay.Card.Owner == base.Owner.Player && cardPlay.Card.VisualCardPool.IsColorless)
      [v0.103.2] 	public override async Task AfterCardGeneratedForCombat(CardModel card, bool addedByPlayer)
      [v0.103.2] 		if (card.Owner == base.Owner.Player && addedByPlayer)
    [v0.103.2 → v0.107.1]
      [v0.103.2] 	public override async Task AfterCardGeneratedForCombat(CardModel card, bool addedByPlayer)
      [v0.103.2] 		if (card.Owner == base.Owner.Player && addedByPlayer)
      [v0.103.2] 			await PowerCmd.Apply<StrengthPower>(base.Owner, base.Amount, base.Owner, null);
      [v0.107.1] 	public override async Task AfterCardGeneratedForCombat(CardModel card, Player? creator)
      [v0.107.1] 		if (creator != null && creator.Creature == base.Owner)
      [v0.107.1] 			await PowerCmd.Apply<StrengthPower>(new ThrowingPlayerChoiceContext(), base.Owner, base.Amount, base.Owner, null);

  beacon-of-hope-power (v0.99.1→v0.103.2: 10 lines, v0.103.2→v0.107.1: 4 lines)
    [v0.99.1 → v0.103.2]
      [v0.99.1] 	public override PowerStackType StackType => PowerStackType.Counter;
      [v0.99.1] 		IEnumerable<Creature> enumerable = from c in base.CombatState.GetTeammatesOf(base.Owner)
      [v0.99.1] 			where c != null && c.IsAlive && c.IsPlayer && c.Player.Creature != base.Owner
      [v0.99.1] 			select c;
      [v0.99.1] 		decimal amountToGive = amount * 0.5m * (decimal)base.Amount;
      [v0.103.2] 	public override PowerStackType StackType => PowerStackType.Single;
      [v0.103.2] 		decimal amountToGive = amount * 0.5m;
      [v0.103.2] 		IEnumerable<Creature> enumerable = from c in base.CombatState.GetTeammatesOf(base.Owner)
      [v0.103.2] 			where c != null && c.IsAlive && c.IsPlayer && c.Player.Creature != base.Owner
      [v0.103.2] 			select c;
    [v0.103.2 → v0.107.1]
      [v0.107.1] 	/// <summary>
      [v0.107.1] 	/// Prevents Beacon of Hope from triggering if it already has triggered for this instance of block.
      [v0.107.1] 	/// This is to prevent Beacon of Hope infinitely triggering against another player Beacon of Hope.
      [v0.107.1] 	/// </summary>

  borrowed-time-power (v0.99.1→v0.103.2: 30 lines, v0.103.2→v0.107.1: 4 lines)
    [v0.99.1 → v0.103.2]
      [v0.103.2] 
      [v0.103.2] namespace MegaCrit.Sts2.Core.Models.Powers;
      [v0.103.2] 
      [v0.103.2] public sealed class BorrowedTimePower : PowerModel
      [v0.103.2] {
      [v0.103.2] 	public override PowerType Type => PowerType.Debuff;
      [v0.103.2] 
      [v0.103.2] 	public override PowerStackType StackType => PowerStackType.Counter;
      [v0.103.2] 
      [v0.103.2] 	protected override IEnumerable<IHoverTip> ExtraHoverTips => new global::_003C_003Ez__ReadOnlySingleElementList<IHoverTip>(HoverTipFactory.ForEnergy(this));
      [v0.103.2] 
      [v0.103.2] 	public override bool TryModifyEnergyCostInCombat(CardModel card, decimal originalCost, out decimal modifiedCost)
      [v0.103.2] 	{
      [v0.103.2] 		modifiedCost = originalCost;
      [v0.103.2] 		if (card.Owner.Creature != base.Owner)
      [v0.103.2] 		{
      [v0.103.2] 			return false;
      [v0.103.2] 		}
      [v0.103.2] 		modifiedCost = originalCost + (decimal)base.Amount;
      [v0.103.2] 		return true;
      [v0.103.2] 	}
      [v0.103.2] 
      [v0.103.2] 	public override async Task AfterTurnEnd(PlayerChoiceContext choiceContext, CombatSide side)
      [v0.103.2] 	{
      [v0.103.2] 		if (side == base.Owner.Side)
      [v0.103.2] 		{
      [v0.103.2] 			await PowerCmd.Remove(this);
      [v0.103.2] 		}
      [v0.103.2] 	}
      [v0.103.2] }
    [v0.103.2 → v0.107.1]
      [v0.103.2] 	public override async Task AfterTurnEnd(PlayerChoiceContext choiceContext, CombatSide side)
      [v0.103.2] 		if (side == base.Owner.Side)
      [v0.107.1] 	public override async Task AfterSideTurnEnd(PlayerChoiceContext choiceContext, CombatSide side, IEnumerable<Creature> participants)
      [v0.107.1] 		if (participants.Contains(base.Owner))

  burrowed-power (v0.99.1→v0.103.2: 2 lines, v0.103.2→v0.107.1: 10 lines)
    [v0.99.1 → v0.103.2]
      [v0.99.1] 		await CreatureCmd.LoseBlock(oldOwner, 999m);
      [v0.103.2] 		await CreatureCmd.LoseBlock(oldOwner, 999999999m);
    [v0.103.2 → v0.107.1]
      [v0.103.2] 			await CreatureCmd.TriggerAnim(base.Owner, "UnburrowAttack", 0.25f);
      [v0.103.2] 			await CreatureCmd.Stun(base.Owner, "BITE_MOVE");
      [v0.103.2] 			await PowerCmd.Remove<BurrowedPower>(base.Owner);
      [v0.107.1] 			MonsterModel monster = creature.Monster;
      [v0.107.1] 			if (monster is Tunneler tunneler)
      [v0.107.1] 			{
      [v0.107.1] 				await tunneler.GetStunned();
      [v0.107.1] 				await CreatureCmd.Stun(base.Owner, tunneler.StillDizzyMove, "BITE_MOVE");
      [v0.107.1] 				await PowerCmd.Remove<BurrowedPower>(base.Owner);
      [v0.107.1] 			}

  crab-rage-power (v0.99.1→v0.103.2: 2 lines, v0.103.2→v0.107.1: 2 lines)
    [v0.99.1 → v0.103.2]
      [v0.99.1] 		new PowerVar<StrengthPower>(5m),
      [v0.103.2] 		new PowerVar<StrengthPower>(6m),
    [v0.103.2 → v0.107.1]
      [v0.103.2] 			await PowerCmd.Apply<StrengthPower>(base.Owner, base.DynamicVars.Strength.IntValue, base.Owner, null);
      [v0.107.1] 			await PowerCmd.Apply<StrengthPower>(choiceContext, base.Owner, base.DynamicVars.Strength.IntValue, base.Owner, null);

  doom-power (v0.99.1→v0.103.2: 13 lines, v0.103.2→v0.107.1: 32 lines)
    [v0.99.1 → v0.103.2]
      [v0.99.1] 		if (side == base.Owner.Side && !base.Owner.IsDead && IsOwnerDoomed())
      [v0.103.2] 		if (!CombatManager.Instance.IsOverOrEnding && side == base.Owner.Side && !base.Owner.IsDead && IsOwnerDoomed())
      [v0.99.1] 			if (creature.HasSpineAnimation)
      [v0.99.1] 				if (creature.SpineController.GetAnimationState().GetCurrent(0).GetAnimation()
      [v0.99.1] 					.GetName() == "hurt")
      [v0.99.1] 					MegaTrackEntry current = creature.SpineController.GetAnimationState().GetCurrent(0);
      [v0.99.1] 					current.SetTrackTime(0.1f);
      [v0.99.1] 					current.SetTimeScale(0f);
      [v0.103.2] 			if (creature.SpineAnimation.IsValid)
      [v0.103.2] 				MegaTrackEntry currentTrack = creature.SpineAnimation.GetCurrentTrack();
      [v0.103.2] 				if (currentTrack?.GetAnimation().GetName() == "hurt")
      [v0.103.2] 					currentTrack.SetTrackTime(0.1f);
      [v0.103.2] 					currentTrack.SetTimeScale(0f);
    [v0.103.2 → v0.107.1]
      [v0.103.2] 		CombatState combatState = creatures.First().CombatState;
      [v0.103.2] 	public override async Task BeforeTurnEnd(PlayerChoiceContext choiceContext, CombatSide side)
      [v0.103.2] 		if (!CombatManager.Instance.IsOverOrEnding && side == base.Owner.Side && !base.Owner.IsDead && IsOwnerDoomed())
      [v0.107.1] 	/// <summary>
      [v0.107.1] 	/// Kill the specified creatures with the <see cref="T:MegaCrit.Sts2.Core.Models.Powers.DoomPower" /> power.
      [v0.107.1] 	/// All creatures being killed in a given Doom trigger (side turn finish, <see cref="T:MegaCrit.Sts2.Core.Models.Cards.EndOfDays" />, etc) should be
      [v0.107.1] 	/// passed at the same time here, otherwise we can miss Fatal triggers for reviving powers like
      [v0.107.1] 	/// <see cref="T:MegaCrit.Sts2.Core.Models.Powers.ReattachPower" />.
      [v0.107.1] 	///
      [v0.107.1] 	/// This does extra stuff in addition to a normal <see cref="M:MegaCrit.Sts2.Core.Commands.CreatureCmd.Kill(MegaCrit.Sts2.Core.Entities.Creatures.Creature,System.Boolean)" /> call:
      [v0.107.1] 	/// * Plays special VFX.
      [v0.107.1] 	/// * Runs <see cref="M:MegaCrit.Sts2.Core.Hooks.Hook.AfterDiedToDoom(MegaCrit.Sts2.Core.Combat.ICombatState,System.Collections.Generic.IReadOnlyList{MegaCrit.Sts2.Core.Entities.Creatures.Creature})" />.
      [v0.107.1] 	///
      [v0.107.1] 	/// It's in a public method so effects like <see cref="T:MegaCrit.Sts2.Core.Models.Cards.EndOfDays" /> can use it.
      [v0.107.1] 	/// </summary>
      [v0.107.1] 		ICombatState combatState = creatures.First().CombatState;
      [v0.107.1] 	/// <summary>
      [v0.107.1] 	/// Will the owner of this power die to Doom at the end of their turn?
      [v0.107.1] 	/// </summary>
      [v0.107.1] 	public override async Task BeforeSideTurnEnd(PlayerChoiceContext choiceContext, CombatSide side, IEnumerable<Creature> participants)
      [v0.107.1] 		if (!CombatManager.Instance.IsOverOrEnding && participants.Contains(base.Owner) && !base.Owner.IsDead && IsOwnerDoomed())
      [v0.103.2] 			task = WaitForTween(tween);
      [v0.103.2] 				if (currentTrack?.GetAnimation().GetName() == "hurt")
      [v0.103.2] 	private static async Task WaitForTween(Tween t)
      [v0.103.2] 		if (t.IsValid() && t.IsRunning())
      [v0.103.2] 		{
      [v0.103.2] 			await t.ToSignal(t, Tween.SignalName.Finished);
      [v0.103.2] 		}
      [v0.107.1] 			task = WaitForTween(tween, creature);
      [v0.107.1] 				if (currentTrack?.GetAnimationName() == "hurt")
      [v0.107.1] 	private static async Task WaitForTween(Tween t, Node owner)
      [v0.107.1] 		await t.AwaitFinished(owner);

  grasp-power (v0.99.1→v0.103.2: 64 lines, v0.103.2→v0.107.1: 64 lines)
    [v0.99.1 → v0.103.2]
      [v0.103.2] 
      [v0.103.2] namespace MegaCrit.Sts2.Core.Models.Powers;
      [v0.103.2] 
      [v0.103.2] public sealed class GraspPower : PowerModel
      [v0.103.2] {
      [v0.103.2] 	public override PowerType Type => PowerType.Buff;
      [v0.103.2] 
      [v0.103.2] 	public override PowerStackType StackType => PowerStackType.Single;
      [v0.103.2] 
      [v0.103.2] 	protected override IEnumerable<IHoverTip> ExtraHoverTips => new global::_003C_003Ez__ReadOnlySingleElementList<IHoverTip>(HoverTipFactory.ForEnergy(this));
      [v0.103.2] 
      [v0.103.2] 	public override async Task AfterApplied(Creature? applier, CardModel? cardSource)
      [v0.103.2] 	{
      [v0.103.2] 		foreach (Creature item in base.Owner.CombatState.Allies.ToList())
      [v0.103.2] 		{
      [v0.103.2] 			if (!item.IsPlayer)
      [v0.103.2] 			{
      [v0.103.2] 				continue;
      [v0.103.2] 			}
      [v0.103.2] 			List<CardModel> list = item.Player.PlayerCombatState.AllCards.ToList();
      [v0.103.2] 			foreach (CardModel item2 in list)
      [v0.103.2] 			{
      [v0.103.2] 				await Afflict(item2);
      [v0.103.2] 			}
      [v0.103.2] 		}
      [v0.103.2] 	}
      [v0.103.2] 
      [v0.103.2] 	public override async Task AfterCardEnteredCombat(CardModel card)
      [v0.103.2] 	{
      [v0.103.2] 		if (card.Affliction == null)
      [v0.103.2] 		{
      [v0.103.2] 			await Afflict(card);
      [v0.103.2] 		}
      [v0.103.2] 	}
      [v0.103.2] 
      [v0.103.2] 	public override Task AfterRemoved(Creature oldOwner)
      [v0.103.2] 	{
      [v0.103.2] 		if (oldOwner.CombatState == null)
      [v0.103.2] 		{
      [v0.103.2] 			return Task.CompletedTask;
      [v0.103.2] 		}
      [v0.103.2] 		foreach (Creature item in oldOwner.CombatState.Allies.ToList())
      [v0.103.2] 		{
      [v0.103.2] 			if (!item.IsPlayer)
      [v0.103.2] 			{
      [v0.103.2] 				continue;
      [v0.103.2] 			}
      [v0.103.2] 			List<CardModel> list = item.Player.PlayerCombatState.AllCards.Where((CardModel c) => c.Affliction is Weighted).ToList();
      [v0.103.2] 			foreach (CardModel item2 in list)
      [v0.103.2] 			{
      [v0.103.2] 				CardCmd.ClearAffliction(item2);
      [v0.103.2] 			}
      [v0.103.2] 		}
      [v0.103.2] 		return Task.CompletedTask;
      [v0.103.2] 	}
      [v0.103.2] 
      [v0.103.2] 	private async Task Afflict(CardModel card)
      [v0.103.2] 	{
      [v0.103.2] 		if (card.Affliction == null)
      [v0.103.2] 		{
      [v0.103.2] 			await CardCmd.Afflict<Weighted>(card, base.Amount);
      [v0.103.2] 		}
      [v0.103.2] 	}
      [v0.103.2] }
    [v0.103.2 → v0.107.1]
      [v0.103.2] 
      [v0.103.2] namespace MegaCrit.Sts2.Core.Models.Powers;
      [v0.103.2] 
      [v0.103.2] public sealed class GraspPower : PowerModel
      [v0.103.2] {
      [v0.103.2] 	public override PowerType Type => PowerType.Buff;
      [v0.103.2] 
      [v0.103.2] 	public override PowerStackType StackType => PowerStackType.Single;
      [v0.103.2] 
      [v0.103.2] 	protected override IEnumerable<IHoverTip> ExtraHoverTips => new global::_003C_003Ez__ReadOnlySingleElementList<IHoverTip>(HoverTipFactory.ForEnergy(this));
      [v0.103.2] 
      [v0.103.2] 	public override async Task AfterApplied(Creature? applier, CardModel? cardSource)
      [v0.103.2] 	{
      [v0.103.2] 		foreach (Creature item in base.Owner.CombatState.Allies.ToList())
      [v0.103.2] 		{
      [v0.103.2] 			if (!item.IsPlayer)
      [v0.103.2] 			{
      [v0.103.2] 				continue;
      [v0.103.2] 			}
      [v0.103.2] 			List<CardModel> list = item.Player.PlayerCombatState.AllCards.ToList();
      [v0.103.2] 			foreach (CardModel item2 in list)
      [v0.103.2] 			{
      [v0.103.2] 				await Afflict(item2);
      [v0.103.2] 			}
      [v0.103.2] 		}
      [v0.103.2] 	}
      [v0.103.2] 
      [v0.103.2] 	public override async Task AfterCardEnteredCombat(CardModel card)
      [v0.103.2] 	{
      [v0.103.2] 		if (card.Affliction == null)
      [v0.103.2] 		{
      [v0.103.2] 			await Afflict(card);
      [v0.103.2] 		}
      [v0.103.2] 	}
      [v0.103.2] 
      [v0.103.2] 	public override Task AfterRemoved(Creature oldOwner)
      [v0.103.2] 	{
      [v0.103.2] 		if (oldOwner.CombatState == null)
      [v0.103.2] 		{
      [v0.103.2] 			return Task.CompletedTask;
      [v0.103.2] 		}
      [v0.103.2] 		foreach (Creature item in oldOwner.CombatState.Allies.ToList())
      [v0.103.2] 		{
      [v0.103.2] 			if (!item.IsPlayer)
      [v0.103.2] 			{
      [v0.103.2] 				continue;
      [v0.103.2] 			}
      [v0.103.2] 			List<CardModel> list = item.Player.PlayerCombatState.AllCards.Where((CardModel c) => c.Affliction is Weighted).ToList();
      [v0.103.2] 			foreach (CardModel item2 in list)
      [v0.103.2] 			{
      [v0.103.2] 				CardCmd.ClearAffliction(item2);
      [v0.103.2] 			}
      [v0.103.2] 		}
      [v0.103.2] 		return Task.CompletedTask;
      [v0.103.2] 	}
      [v0.103.2] 
      [v0.103.2] 	private async Task Afflict(CardModel card)
      [v0.103.2] 	{
      [v0.103.2] 		if (card.Affliction == null)
      [v0.103.2] 		{
      [v0.103.2] 			await CardCmd.Afflict<Weighted>(card, base.Amount);
      [v0.103.2] 		}
      [v0.103.2] 	}
      [v0.103.2] }

  haunt-power (v0.99.1→v0.103.2: 2 lines, v0.103.2→v0.107.1: 4 lines)
    [v0.99.1 → v0.103.2]
      [v0.99.1] 		if (cardPlay.Card is Soul)
      [v0.103.2] 		if (cardPlay.Card is Soul && cardPlay.Card.Owner.Creature == base.Owner)
    [v0.103.2 → v0.107.1]
      [v0.103.2] 	public override async Task AfterCardPlayed(PlayerChoiceContext context, CardPlay cardPlay)
      [v0.103.2] 				await CreatureCmd.Damage(context, new global::_003C_003Ez__ReadOnlySingleElementList<Creature>(item), base.Amount, ValueProp.Unblockable | ValueProp.Unpowered, null, null);
      [v0.107.1] 	public override async Task AfterCardPlayed(PlayerChoiceContext choiceContext, CardPlay cardPlay)
      [v0.107.1] 				await CreatureCmd.Damage(choiceContext, new global::_003C_003Ez__ReadOnlySingleElementList<Creature>(item), base.Amount, ValueProp.Unblockable | ValueProp.Unpowered, null, null);

  hunger-power (v0.99.1→v0.103.2: 81 lines, v0.103.2→v0.107.1: 81 lines)
    [v0.99.1 → v0.103.2]
      [v0.103.2] 
      [v0.103.2] namespace MegaCrit.Sts2.Core.Models.Powers;
      [v0.103.2] 
      [v0.103.2] public sealed class HungerPower : PowerModel
      [v0.103.2] {
      [v0.103.2] 	public override PowerType Type => PowerType.Buff;
      [v0.103.2] 
      [v0.103.2] 	public override PowerStackType StackType => PowerStackType.Single;
      [v0.103.2] 
      [v0.103.2] 	protected override IEnumerable<IHoverTip> ExtraHoverTips => HoverTipFactory.FromAffliction<Devoured>(base.Amount);
      [v0.103.2] 
      [v0.103.2] 	public override async Task AfterApplied(Creature? applier, CardModel? cardSource)
      [v0.103.2] 	{
      [v0.103.2] 		foreach (Creature item in base.Owner.CombatState.Allies.ToList())
      [v0.103.2] 		{
      [v0.103.2] 			if (!item.IsPlayer)
      [v0.103.2] 			{
      [v0.103.2] 				continue;
      [v0.103.2] 			}
      [v0.103.2] 			List<CardModel> list = item.Player.PlayerCombatState.AllCards.Where(delegate(CardModel c)
      [v0.103.2] 			{
      [v0.103.2] 				CardType type = c.Type;
      [v0.103.2] 				return (uint)(type - 1) <= 1u;
      [v0.103.2] 			}).ToList();
      [v0.103.2] 			foreach (CardModel item2 in list)
      [v0.103.2] 			{
      [v0.103.2] 				await Afflict(item2);
      [v0.103.2] 			}
      [v0.103.2] 		}
      [v0.103.2] 	}
      [v0.103.2] 
      [v0.103.2] 	public override async Task AfterCardEnteredCombat(CardModel card)
      [v0.103.2] 	{
      [v0.103.2] 		if (card.Affliction == null)
      [v0.103.2] 		{
      [v0.103.2] 			CardType type = card.Type;
      [v0.103.2] 			if ((uint)(type - 1) <= 1u)
      [v0.103.2] 			{
      [v0.103.2] 				await Afflict(card);
      [v0.103.2] 			}
      [v0.103.2] 		}
      [v0.103.2] 	}
      [v0.103.2] 
      [v0.103.2] 	public override Task AfterRemoved(Creature oldOwner)
      [v0.103.2] 	{
      [v0.103.2] 		if (oldOwner.CombatState == null)
      [v0.103.2] 		{
      [v0.103.2] 			return Task.CompletedTask;
      [v0.103.2] 		}
      [v0.103.2] 		foreach (Creature item in oldOwner.CombatState.Allies.ToList())
      [v0.103.2] 		{
      [v0.103.2] 			if (!item.IsPlayer)
      [v0.103.2] 			{
      [v0.103.2] 				continue;
      [v0.103.2] 			}
      [v0.103.2] 			List<CardModel> list = item.Player.PlayerCombatState.AllCards.Where((CardModel c) => c.Affliction is Devoured).ToList();
      [v0.103.2] 			foreach (CardModel item2 in list)
      [v0.103.2] 			{
      [v0.103.2] 				if (((Devoured)item2.Affliction).AppliedExhaust)
      [v0.103.2] 				{
      [v0.103.2] 					CardCmd.RemoveKeyword(item2, CardKeyword.Exhaust);
      [v0.103.2] 				}
      [v0.103.2] 				CardCmd.ClearAffliction(item2);
      [v0.103.2] 			}
      [v0.103.2] 		}
      [v0.103.2] 		return Task.CompletedTask;
      [v0.103.2] 	}
      [v0.103.2] 
      [v0.103.2] 	private async Task Afflict(CardModel card)
      [v0.103.2] 	{
      [v0.103.2] 		if (card.Affliction == null)
      [v0.103.2] 		{
      [v0.103.2] 			Devoured devoured = await CardCmd.Afflict<Devoured>(card, base.Amount);
      [v0.103.2] 			if (devoured != null && !card.Keywords.Contains(CardKeyword.Exhaust))
      [v0.103.2] 			{
      [v0.103.2] 				CardCmd.ApplyKeyword(card, CardKeyword.Exhaust);
      [v0.103.2] 				devoured.AppliedExhaust = true;
      [v0.103.2] 			}
      [v0.103.2] 		}
      [v0.103.2] 	}
      [v0.103.2] }
    [v0.103.2 → v0.107.1]
      [v0.103.2] 
      [v0.103.2] namespace MegaCrit.Sts2.Core.Models.Powers;
      [v0.103.2] 
      [v0.103.2] public sealed class HungerPower : PowerModel
      [v0.103.2] {
      [v0.103.2] 	public override PowerType Type => PowerType.Buff;
      [v0.103.2] 
      [v0.103.2] 	public override PowerStackType StackType => PowerStackType.Single;
      [v0.103.2] 
      [v0.103.2] 	protected override IEnumerable<IHoverTip> ExtraHoverTips => HoverTipFactory.FromAffliction<Devoured>(base.Amount);
      [v0.103.2] 
      [v0.103.2] 	public override async Task AfterApplied(Creature? applier, CardModel? cardSource)
      [v0.103.2] 	{
      [v0.103.2] 		foreach (Creature item in base.Owner.CombatState.Allies.ToList())
      [v0.103.2] 		{
      [v0.103.2] 			if (!item.IsPlayer)
      [v0.103.2] 			{
      [v0.103.2] 				continue;
      [v0.103.2] 			}
      [v0.103.2] 			List<CardModel> list = item.Player.PlayerCombatState.AllCards.Where(delegate(CardModel c)
      [v0.103.2] 			{
      [v0.103.2] 				CardType type = c.Type;
      [v0.103.2] 				return (uint)(type - 1) <= 1u;
      [v0.103.2] 			}).ToList();
      [v0.103.2] 			foreach (CardModel item2 in list)
      [v0.103.2] 			{
      [v0.103.2] 				await Afflict(item2);
      [v0.103.2] 			}
      [v0.103.2] 		}
      [v0.103.2] 	}
      [v0.103.2] 
      [v0.103.2] 	public override async Task AfterCardEnteredCombat(CardModel card)
      [v0.103.2] 	{
      [v0.103.2] 		if (card.Affliction == null)
      [v0.103.2] 		{
      [v0.103.2] 			CardType type = card.Type;
      [v0.103.2] 			if ((uint)(type - 1) <= 1u)
      [v0.103.2] 			{
      [v0.103.2] 				await Afflict(card);
      [v0.103.2] 			}
      [v0.103.2] 		}
      [v0.103.2] 	}
      [v0.103.2] 
      [v0.103.2] 	public override Task AfterRemoved(Creature oldOwner)
      [v0.103.2] 	{
      [v0.103.2] 		if (oldOwner.CombatState == null)
      [v0.103.2] 		{
      [v0.103.2] 			return Task.CompletedTask;
      [v0.103.2] 		}
      [v0.103.2] 		foreach (Creature item in oldOwner.CombatState.Allies.ToList())
      [v0.103.2] 		{
      [v0.103.2] 			if (!item.IsPlayer)
      [v0.103.2] 			{
      [v0.103.2] 				continue;
      [v0.103.2] 			}
      [v0.103.2] 			List<CardModel> list = item.Player.PlayerCombatState.AllCards.Where((CardModel c) => c.Affliction is Devoured).ToList();
      [v0.103.2] 			foreach (CardModel item2 in list)
      [v0.103.2] 			{
      [v0.103.2] 				if (((Devoured)item2.Affliction).AppliedExhaust)
      [v0.103.2] 				{
      [v0.103.2] 					CardCmd.RemoveKeyword(item2, CardKeyword.Exhaust);
      [v0.103.2] 				}
      [v0.103.2] 				CardCmd.ClearAffliction(item2);
      [v0.103.2] 			}
      [v0.103.2] 		}
      [v0.103.2] 		return Task.CompletedTask;
      [v0.103.2] 	}
      [v0.103.2] 
      [v0.103.2] 	private async Task Afflict(CardModel card)
      [v0.103.2] 	{
      [v0.103.2] 		if (card.Affliction == null)
      [v0.103.2] 		{
      [v0.103.2] 			Devoured devoured = await CardCmd.Afflict<Devoured>(card, base.Amount);
      [v0.103.2] 			if (devoured != null && !card.Keywords.Contains(CardKeyword.Exhaust))
      [v0.103.2] 			{
      [v0.103.2] 				CardCmd.ApplyKeyword(card, CardKeyword.Exhaust);
      [v0.103.2] 				devoured.AppliedExhaust = true;
      [v0.103.2] 			}
      [v0.103.2] 		}
      [v0.103.2] 	}
      [v0.103.2] }

  lethality-power (v0.99.1→v0.103.2: 3 lines, v0.103.2→v0.107.1: 11 lines)
    [v0.99.1 → v0.103.2]
      [v0.99.1] 		int num2 = ((cardSource.Pile.Type == PileType.Play) ? 1 : 0);
      [v0.103.2] 		CardPile pile = cardSource.Pile;
      [v0.103.2] 		int num2 = ((pile != null && pile.Type == PileType.Play) ? 1 : 0);
    [v0.103.2 → v0.107.1]
      [v0.103.2] 		CardPile pile = cardSource.Pile;
      [v0.107.1] 		CardPile pile;
      [v0.107.1] 		if (cardSource != null)
      [v0.107.1] 		{
      [v0.107.1] 			pile = cardSource.Pile;
      [v0.107.1] 			if (pile != null && pile.Type == PileType.Play && cardSource.CurrentPlayIndex > 0)
      [v0.107.1] 			{
      [v0.107.1] 				return 1m;
      [v0.107.1] 			}
      [v0.107.1] 		}
      [v0.107.1] 		pile = cardSource.Pile;

  mayhem-power (v0.99.1→v0.103.2: 2 lines, v0.103.2→v0.107.1: 2 lines)
    [v0.99.1 → v0.103.2]
      [v0.99.1] 	public override async Task BeforeHandDrawLate(Player player, PlayerChoiceContext choiceContext, CombatState combatState)
      [v0.103.2] 	public override async Task AfterPlayerTurnStart(PlayerChoiceContext choiceContext, Player player)
    [v0.103.2 → v0.107.1]
      [v0.103.2] 	public override async Task AfterPlayerTurnStart(PlayerChoiceContext choiceContext, Player player)
      [v0.107.1] 	public override async Task AfterAutoPrePlayPhaseEntered(PlayerChoiceContext choiceContext, Player player)

  no-energy-gain-power (v0.99.1→v0.103.2: 29 lines, v0.103.2→v0.107.1: 7 lines)
    [v0.99.1 → v0.103.2]
      [v0.103.2] 
      [v0.103.2] namespace MegaCrit.Sts2.Core.Models.Powers;
      [v0.103.2] 
      [v0.103.2] public sealed class NoEnergyGainPower : PowerModel
      [v0.103.2] {
      [v0.103.2] 	public override PowerType Type => PowerType.Debuff;
      [v0.103.2] 
      [v0.103.2] 	public override PowerStackType StackType => PowerStackType.Single;
      [v0.103.2] 
      [v0.103.2] 	public override decimal ModifyEnergyGain(Player player, decimal amount)
      [v0.103.2] 	{
      [v0.103.2] 		if (player != base.Owner.Player)
      [v0.103.2] 		{
      [v0.103.2] 			return amount;
      [v0.103.2] 		}
      [v0.103.2] 		return 0m;
      [v0.103.2] 	}
      [v0.103.2] 
      [v0.103.2] 	public override Task AfterModifyingEnergyGain()
      [v0.103.2] 	{
      [v0.103.2] 		Flash();
      [v0.103.2] 		return Task.CompletedTask;
      [v0.103.2] 	}
      [v0.103.2] 
      [v0.103.2] 	public override async Task AfterTurnEnd(PlayerChoiceContext choiceContext, CombatSide side)
      [v0.103.2] 	{
      [v0.103.2] 		await PowerCmd.Remove(this);
      [v0.103.2] 	}
      [v0.103.2] }
    [v0.103.2 → v0.107.1]
      [v0.103.2] 	public override async Task AfterTurnEnd(PlayerChoiceContext choiceContext, CombatSide side)
      [v0.103.2] 		await PowerCmd.Remove(this);
      [v0.107.1] 	public override async Task AfterSideTurnEnd(PlayerChoiceContext choiceContext, CombatSide side, IEnumerable<Creature> participants)
      [v0.107.1] 		if (participants.Contains(base.Owner))
      [v0.107.1] 		{
      [v0.107.1] 			await PowerCmd.Remove(this);
      [v0.107.1] 		}

  rolling-boulder-power (v0.99.1→v0.103.2: 3 lines, v0.103.2→v0.107.1: 18 lines)
    [v0.99.1 → v0.103.2]
      [v0.99.1] 		base.Amount += base.DynamicVars.Damage.IntValue;
      [v0.99.1] 		InvokeDisplayAmountChanged();
      [v0.103.2] 		SetAmount(base.Amount + base.DynamicVars.Damage.IntValue);
    [v0.103.2 → v0.107.1]
      [v0.103.2] 	public override bool IsInstanced => true;
      [v0.103.2] 			NRollingBoulderVfx vfx = NRollingBoulderVfx.Create(base.CombatState.HittableEnemies, base.Amount);
      [v0.103.2] 			vfx.Connect(NRollingBoulderVfx.SignalName.HitCreature, Callable.From(delegate(NCreature c)
      [v0.103.2] 			Callable.From(delegate
      [v0.103.2] 			{
      [v0.103.2] 				NCombatRoom.Instance?.CombatVfxContainer.AddChildSafely(vfx);
      [v0.103.2] 				if (!vfx.IsInsideTree())
      [v0.103.2] 				{
      [v0.103.2] 					throw new InvalidOperationException("VFX is not inside tree after adding it to combat room!");
      [v0.103.2] 				}
      [v0.103.2] 			}).CallDeferred();
      [v0.103.2] 			await vfx.ToSignal(vfx, Node.SignalName.TreeExiting);
      [v0.107.1] 	public override PowerInstanceType InstanceType => PowerInstanceType.Instanced;
      [v0.107.1] 			NRollingBoulderVfx nRollingBoulderVfx = NRollingBoulderVfx.Create(base.CombatState.HittableEnemies, base.Amount);
      [v0.107.1] 			nRollingBoulderVfx.Connect(NRollingBoulderVfx.SignalName.HitCreature, Callable.From(delegate(NCreature c)
      [v0.107.1] 			SignalAwaiter signalAwaiter = nRollingBoulderVfx.ToSignal(nRollingBoulderVfx, NRollingBoulderVfx.SignalName.Finished);
      [v0.107.1] 			NCombatRoom.Instance?.CombatVfxContainer.CallDeferred(Node.MethodName.AddChild, nRollingBoulderVfx);
      [v0.107.1] 			await signalAwaiter;

  sandpit-power (v0.99.1→v0.103.2: 2 lines, v0.103.2→v0.107.1: 10 lines)
    [v0.99.1 → v0.103.2]
      [v0.99.1] 	public override async Task AfterSideTurnStart(CombatSide side, CombatState combatState)
      [v0.103.2] 	public override async Task AfterSideTurnStartLate(CombatSide side, CombatState combatState)
    [v0.103.2 → v0.107.1]
      [v0.103.2] 	public override bool IsInstanced => true;
      [v0.107.1] 	public override PowerInstanceType InstanceType => PowerInstanceType.Instanced;
      [v0.103.2] 	public override async Task AfterSideTurnStartLate(CombatSide side, CombatState combatState)
      [v0.103.2] 	public override async Task AfterPowerAmountChanged(PowerModel power, decimal _, Creature? __, CardModel? cardSource)
      [v0.107.1] 	public override async Task AfterSideTurnStartLate(CombatSide side, IReadOnlyList<Creature> participants, ICombatState combatState)
      [v0.107.1] 	public override async Task AfterPowerAmountChanged(PlayerChoiceContext choiceContext, PowerModel power, decimal _, Creature? __, CardModel? cardSource)
      [v0.103.2] 	public override async Task BeforeTurnEnd(PlayerChoiceContext choiceContext, CombatSide side)
      [v0.107.1] 	public override async Task BeforeSideTurnEnd(PlayerChoiceContext choiceContext, CombatSide side, IEnumerable<Creature> participants)
      [v0.103.2] 			await tween.ToSignal(tween, Tween.SignalName.Finished);
      [v0.107.1] 			await tween.AwaitFinished(NCombatRoom.Instance);

  scrutiny-power (v0.99.1→v0.103.2: 19 lines, v0.103.2→v0.107.1: 19 lines)
    [v0.99.1 → v0.103.2]
      [v0.103.2] 
      [v0.103.2] namespace MegaCrit.Sts2.Core.Models.Powers;
      [v0.103.2] 
      [v0.103.2] public sealed class ScrutinyPower : PowerModel
      [v0.103.2] {
      [v0.103.2] 	public override PowerType Type => PowerType.Buff;
      [v0.103.2] 
      [v0.103.2] 	public override PowerStackType StackType => PowerStackType.Single;
      [v0.103.2] 
      [v0.103.2] 	public override bool ShouldDraw(Player player, bool fromHandDraw)
      [v0.103.2] 	{
      [v0.103.2] 		if (fromHandDraw)
      [v0.103.2] 		{
      [v0.103.2] 			return true;
      [v0.103.2] 		}
      [v0.103.2] 		Flash();
      [v0.103.2] 		return false;
      [v0.103.2] 	}
      [v0.103.2] }
    [v0.103.2 → v0.107.1]
      [v0.103.2] 
      [v0.103.2] namespace MegaCrit.Sts2.Core.Models.Powers;
      [v0.103.2] 
      [v0.103.2] public sealed class ScrutinyPower : PowerModel
      [v0.103.2] {
      [v0.103.2] 	public override PowerType Type => PowerType.Buff;
      [v0.103.2] 
      [v0.103.2] 	public override PowerStackType StackType => PowerStackType.Single;
      [v0.103.2] 
      [v0.103.2] 	public override bool ShouldDraw(Player player, bool fromHandDraw)
      [v0.103.2] 	{
      [v0.103.2] 		if (fromHandDraw)
      [v0.103.2] 		{
      [v0.103.2] 			return true;
      [v0.103.2] 		}
      [v0.103.2] 		Flash();
      [v0.103.2] 		return false;
      [v0.103.2] 	}
      [v0.103.2] }

  smokestack-power (v0.99.1→v0.103.2: 2 lines, v0.103.2→v0.107.1: 4 lines)
    [v0.99.1 → v0.103.2]
      [v0.99.1] 		if (addedByPlayer && card.Type == CardType.Status)
      [v0.103.2] 		if (addedByPlayer && card.Type == CardType.Status && card.Owner.Creature == base.Owner)
    [v0.103.2 → v0.107.1]
      [v0.103.2] 	public override async Task AfterCardGeneratedForCombat(CardModel card, bool addedByPlayer)
      [v0.103.2] 		if (addedByPlayer && card.Type == CardType.Status && card.Owner.Creature == base.Owner)
      [v0.107.1] 	public override async Task AfterCardGeneratedForCombat(CardModel card, Player? creator)
      [v0.107.1] 		if (card.Type == CardType.Status && creator != null && creator.Creature == base.Owner)

  stampede-power (v0.99.1→v0.103.2: 2 lines, v0.103.2→v0.107.1: 4 lines)
    [v0.99.1 → v0.103.2]
      [v0.99.1] 	public override async Task BeforeTurnEnd(PlayerChoiceContext choiceContext, CombatSide side)
      [v0.103.2] 	public override async Task BeforeTurnEndEarly(PlayerChoiceContext choiceContext, CombatSide side)
    [v0.103.2 → v0.107.1]
      [v0.103.2] 	public override async Task BeforeTurnEndEarly(PlayerChoiceContext choiceContext, CombatSide side)
      [v0.103.2] 		if (side != base.Owner.Side)
      [v0.107.1] 	public override async Task AfterAutoPostPlayPhaseEntered(PlayerChoiceContext choiceContext, Player player)
      [v0.107.1] 		if (player != base.Owner.Player)

  sword-sage-power (v0.99.1→v0.103.2: 15 lines, v0.103.2→v0.107.1: 42 lines)
    [v0.99.1 → v0.103.2]
      [v0.99.1] 
      [v0.99.1] 	public override bool TryModifyEnergyCostInCombat(CardModel card, decimal originalCost, out decimal modifiedCost)
      [v0.99.1] 	{
      [v0.99.1] 		modifiedCost = originalCost;
      [v0.99.1] 		if (card.Owner.Creature != base.Owner)
      [v0.99.1] 		{
      [v0.99.1] 			return false;
      [v0.99.1] 		}
      [v0.99.1] 		if (!(card is SovereignBlade))
      [v0.99.1] 		{
      [v0.99.1] 			return false;
      [v0.99.1] 		}
      [v0.99.1] 		modifiedCost += (decimal)base.Amount;
      [v0.99.1] 		return true;
      [v0.99.1] 	}
    [v0.103.2 → v0.107.1]
      [v0.103.2] 	protected override IEnumerable<IHoverTip> ExtraHoverTips => HoverTipFactory.FromCardWithCardHoverTips<SovereignBlade>();
      [v0.103.2] 	public override Task AfterPowerAmountChanged(PowerModel power, decimal amount, Creature? applier, CardModel? cardSource)
      [v0.103.2] 			if (item is SovereignBlade sovereignBlade)
      [v0.103.2] 			{
      [v0.103.2] 				sovereignBlade.SetRepeats(base.Amount + 1);
      [v0.103.2] 			}
      [v0.103.2] 		if (card.Owner != base.Owner.Player)
      [v0.103.2] 		if (!(card is SovereignBlade sovereignBlade))
      [v0.103.2] 		{
      [v0.103.2] 			return Task.CompletedTask;
      [v0.103.2] 		}
      [v0.103.2] 		sovereignBlade.SetRepeats(base.Amount + 1);
      [v0.103.2] 				sovereignBlade.SetRepeats(1m);
      [v0.107.1] 	protected override IEnumerable<IHoverTip> ExtraHoverTips
      [v0.107.1] 	{
      [v0.107.1] 		get
      [v0.107.1] 		{
      [v0.107.1] 			List<IHoverTip> list = new List<IHoverTip>();
      [v0.107.1] 			list.AddRange(HoverTipFactory.FromCardWithCardHoverTips<SovereignBlade>());
      [v0.107.1] 			list.Add(HoverTipFactory.Static(StaticHoverTip.ReplayStatic));
      [v0.107.1] 			return new _003C_003Ez__ReadOnlyList<IHoverTip>(list);
      [v0.107.1] 		}
      [v0.107.1] 	}
      [v0.107.1] 	public override Task AfterPowerAmountChanged(PlayerChoiceContext choiceContext, PowerModel power, decimal amount, Creature? applier, CardModel? cardSource)
      [v0.107.1] 			TryAddReplays(item, (int)amount);
      [v0.107.1] 		if (card.IsClone)
      [v0.107.1] 		TryAddReplays(card, base.Amount);
      [v0.107.1] 				sovereignBlade.BaseReplayCount -= base.Amount;
      [v0.107.1] 	}
      [v0.107.1] 
      [v0.107.1] 	private bool TryAddReplays(CardModel card, int amount)
      [v0.107.1] 	{
      [v0.107.1] 		if (card.Owner != base.Owner.Player)
      [v0.107.1] 		{
      [v0.107.1] 			return false;
      [v0.107.1] 		}
      [v0.107.1] 		if (!(card is SovereignBlade sovereignBlade))
      [v0.107.1] 		{
      [v0.107.1] 			return false;
      [v0.107.1] 		}
      [v0.107.1] 		sovereignBlade.BaseReplayCount += amount;
      [v0.107.1] 		return true;

  trash-to-treasure-power (v0.99.1→v0.103.2: 2 lines, v0.103.2→v0.107.1: 4 lines)
    [v0.99.1 → v0.103.2]
      [v0.99.1] 		if (addedByPlayer && card.Type == CardType.Status)
      [v0.103.2] 		if (addedByPlayer && card.Type == CardType.Status && card.Owner.Creature == base.Owner)
    [v0.103.2 → v0.107.1]
      [v0.103.2] 	public override async Task AfterCardGeneratedForCombat(CardModel card, bool addedByPlayer)
      [v0.103.2] 		if (addedByPlayer && card.Type == CardType.Status && card.Owner.Creature == base.Owner)
      [v0.107.1] 	public override async Task AfterCardGeneratedForCombat(CardModel card, Player? creator)
      [v0.107.1] 		if (card.Type == CardType.Status && creator != null && creator.Creature == base.Owner)

changed_in_v0.103.2_to_v0.107.1 (162 powers):

  accelerant-power (v0.103.2→v0.107.1: 4 lines)
    [v0.103.2 → v0.107.1]
      [v0.107.1] /// <summary>
      [v0.107.1] /// This power doesn't actually do anything on its own. Instead, the Poison power checks for this power and
      [v0.107.1] /// re-triggers itself if it's there.
      [v0.107.1] /// </summary>

  adaptable-power (v0.103.2→v0.107.1: 3 lines)
    [v0.103.2 → v0.107.1]
      [v0.107.1] 	/// <summary>
      [v0.107.1] 	/// This is so the Test Subject doesn't receive powers while it is reviving
      [v0.107.1] 	/// </summary>

  afterimage-power (v0.103.2→v0.107.1: 7 lines)
    [v0.103.2 → v0.107.1]
      [v0.107.1] 		/// <summary>
      [v0.107.1] 		/// Keep track of the cards we've seen played and the power amount at the time they were played.
      [v0.107.1] 		/// This lets After Image avoid triggering on cards that started play before it was applied, and avoid gaining
      [v0.107.1] 		/// extra block on multiple plays of After Image.
      [v0.107.1] 		/// </summary>
      [v0.103.2] 	public override async Task AfterCardPlayed(PlayerChoiceContext context, CardPlay cardPlay)
      [v0.107.1] 	public override async Task AfterCardPlayed(PlayerChoiceContext choiceContext, CardPlay cardPlay)

  aggression-power (v0.103.2→v0.107.1: 4 lines)
    [v0.103.2 → v0.107.1]
      [v0.103.2] 	public override async Task BeforeSideTurnStart(PlayerChoiceContext choiceContext, CombatSide side, CombatState combatState)
      [v0.103.2] 		if (side != base.Owner.Side)
      [v0.107.1] 	public override async Task BeforeSideTurnStart(PlayerChoiceContext choiceContext, CombatSide side, IReadOnlyList<Creature> participants, ICombatState combatState)
      [v0.107.1] 		if (!participants.Contains(base.Owner))

  artifact-power (v0.103.2→v0.107.1: 5 lines)
    [v0.103.2 → v0.107.1]
      [v0.107.1] 	}
      [v0.107.1] 
      [v0.107.1] 	public override decimal GetScaledAmountForMultiplayer(ICombatState combatState, Creature? applier, decimal amount, Creature target, CardModel? cardSource)
      [v0.107.1] 	{
      [v0.107.1] 		return amount + (decimal)combatState.Players.Count - 1m;

  asleep-power (v0.103.2→v0.107.1: 8 lines)
    [v0.103.2 → v0.107.1]
      [v0.103.2] 	public override async Task BeforeTurnEndVeryEarly(PlayerChoiceContext choiceContext, CombatSide side)
      [v0.103.2] 		if (side == base.Owner.Side && base.Amount <= 1 && base.Owner.HasPower<PlatingPower>())
      [v0.103.2] 	public override async Task AfterTurnEnd(PlayerChoiceContext choiceContext, CombatSide side)
      [v0.103.2] 		if (side == base.Owner.Side)
      [v0.107.1] 	public override async Task BeforeSideTurnEndVeryEarly(PlayerChoiceContext choiceContext, CombatSide side, IEnumerable<Creature> participants)
      [v0.107.1] 		if (participants.Contains(base.Owner) && base.Amount <= 1 && base.Owner.HasPower<PlatingPower>())
      [v0.107.1] 	public override async Task AfterSideTurnEnd(PlayerChoiceContext choiceContext, CombatSide side, IEnumerable<Creature> participants)
      [v0.107.1] 		if (participants.Contains(base.Owner))

  automation-power (v0.103.2→v0.107.1: 2 lines)
    [v0.103.2 → v0.107.1]
      [v0.103.2] 	public override bool IsInstanced => true;
      [v0.107.1] 	public override PowerInstanceType InstanceType => PowerInstanceType.Instanced;

  back-attack-left-power (v0.103.2→v0.107.1: 3 lines)
    [v0.103.2 → v0.107.1]
      [v0.107.1] /// <summary>
      [v0.107.1] /// This is just a marker power for <see cref="T:MegaCrit.Sts2.Core.Models.Powers.SurroundedPower" /> to check for.
      [v0.107.1] /// </summary>

  back-attack-right-power (v0.103.2→v0.107.1: 3 lines)
    [v0.103.2 → v0.107.1]
      [v0.107.1] /// <summary>
      [v0.107.1] /// This is just a marker power for <see cref="T:MegaCrit.Sts2.Core.Models.Powers.SurroundedPower" /> to check for.
      [v0.107.1] /// </summary>

  battleworn-dummy-time-limit-power (v0.103.2→v0.107.1: 4 lines)
    [v0.103.2 → v0.107.1]
      [v0.103.2] 	public override async Task AfterTurnEnd(PlayerChoiceContext choiceContext, CombatSide side)
      [v0.103.2] 		if (side != base.Owner.Side)
      [v0.107.1] 	public override async Task AfterSideTurnEnd(PlayerChoiceContext choiceContext, CombatSide side, IEnumerable<Creature> participants)
      [v0.107.1] 		if (!participants.Contains(base.Owner))

  biased-cognition-power (v0.103.2→v0.107.1: 6 lines)
    [v0.103.2 → v0.107.1]
      [v0.103.2] 	public override async Task AfterSideTurnStart(CombatSide side, CombatState combatState)
      [v0.103.2] 		if (side == base.Owner.Side)
      [v0.103.2] 			await PowerCmd.Apply<FocusPower>(base.Owner, -base.Amount, base.Owner, null);
      [v0.107.1] 	public override async Task AfterSideTurnStart(CombatSide side, IReadOnlyList<Creature> participants, ICombatState combatState)
      [v0.107.1] 		if (participants.Contains(base.Owner))
      [v0.107.1] 			await PowerCmd.Apply<FocusPower>(new ThrowingPlayerChoiceContext(), base.Owner, -base.Amount, base.Owner, null);

  black-hole-power (v0.103.2→v0.107.1: 6 lines)
    [v0.103.2 → v0.107.1]
      [v0.103.2] 	public override async Task AfterCardPlayed(PlayerChoiceContext context, CardPlay cardPlay)
      [v0.107.1] 	/// <remarks>
      [v0.107.1] 	/// We do this in AfterCardPlayed instead of AfterStarsSpent because stars are spent at the beginning of the card
      [v0.107.1] 	/// play, but Black Hole should trigger after the card is played.
      [v0.107.1] 	/// </remarks>
      [v0.107.1] 	public override async Task AfterCardPlayed(PlayerChoiceContext choiceContext, CardPlay cardPlay)

  blur-power (v0.103.2→v0.107.1: 4 lines)
    [v0.103.2 → v0.107.1]
      [v0.103.2] 	public override async Task AfterSideTurnStart(CombatSide side, CombatState combatState)
      [v0.103.2] 		if (side == CombatSide.Player)
      [v0.107.1] 	public override async Task AfterSideTurnStart(CombatSide side, IReadOnlyList<Creature> participants, ICombatState combatState)
      [v0.107.1] 		if (participants.Contains(base.Owner))

  buffer-power (v0.103.2→v0.107.1: 9 lines)
    [v0.103.2 → v0.107.1]
      [v0.107.1] 	/// <summary>
      [v0.107.1] 	/// We use Late because other effects may reduce damage taken to 0 too, and it's more player-friendly for them to
      [v0.107.1] 	/// trigger first so that this power doesn't have to decrement.
      [v0.107.1] 	/// </summary>
      [v0.107.1] 	}
      [v0.107.1] 
      [v0.107.1] 	public override decimal GetScaledAmountForMultiplayer(ICombatState combatState, Creature? applier, decimal amount, Creature target, CardModel? cardSource)
      [v0.107.1] 	{
      [v0.107.1] 		return (decimal)((combatState.Players.Count - 1) * 2 + 1) * amount;

  burst-power (v0.103.2→v0.107.1: 4 lines)
    [v0.103.2 → v0.107.1]
      [v0.103.2] 	public override async Task AfterTurnEnd(PlayerChoiceContext choiceContext, CombatSide side)
      [v0.103.2] 		if (side == base.Owner.Side)
      [v0.107.1] 	public override async Task AfterSideTurnEnd(PlayerChoiceContext choiceContext, CombatSide side, IEnumerable<Creature> participants)
      [v0.107.1] 		if (participants.Contains(base.Owner))

  calamity-power (v0.103.2→v0.107.1: 4 lines)
    [v0.103.2 → v0.107.1]
      [v0.103.2] 	public override async Task AfterCardPlayed(PlayerChoiceContext context, CardPlay cardPlay)
      [v0.103.2] 			await CardPileCmd.AddGeneratedCardToCombat(item, PileType.Hand, addedByPlayer: true);
      [v0.107.1] 	public override async Task AfterCardPlayed(PlayerChoiceContext choiceContext, CardPlay cardPlay)
      [v0.107.1] 			await CardPileCmd.AddGeneratedCardToCombat(item, PileType.Hand, base.Owner.Player);

  call-of-the-void-power (v0.103.2→v0.107.1: 4 lines)
    [v0.103.2 → v0.107.1]
      [v0.103.2] 	public override async Task BeforeHandDraw(Player player, PlayerChoiceContext choiceContext, CombatState combatState)
      [v0.103.2] 			await CardPileCmd.AddGeneratedCardsToCombat(array, PileType.Hand, addedByPlayer: true);
      [v0.107.1] 	public override async Task BeforeHandDraw(Player player, PlayerChoiceContext choiceContext, ICombatState combatState)
      [v0.107.1] 			await CardPileCmd.AddGeneratedCardsToCombat(array, PileType.Hand, base.Owner.Player);

  chains-of-binding-power (v0.103.2→v0.107.1: 6 lines)
    [v0.103.2 → v0.107.1]
      [v0.103.2] 	public override Task BeforeTurnEnd(PlayerChoiceContext choiceContext, CombatSide side)
      [v0.107.1] 	public override Task BeforeSideTurnEnd(PlayerChoiceContext choiceContext, CombatSide side, IEnumerable<Creature> participants)
      [v0.107.1] 		if (!participants.Contains(base.Owner))
      [v0.107.1] 		{
      [v0.107.1] 			return Task.CompletedTask;
      [v0.107.1] 		}

  clarity-power (v0.103.2→v0.107.1: 8 lines)
    [v0.103.2 → v0.107.1]
      [v0.103.2] 	public override async Task AfterSideTurnStart(CombatSide side, CombatState combatState)
      [v0.103.2] 		if (side == base.Owner.Side)
      [v0.107.1] /// <summary>
      [v0.107.1] /// Draw an extra card at the beginning of your next N turns.
      [v0.107.1] /// This is distinct from <see cref="T:MegaCrit.Sts2.Core.Models.Powers.DrawCardsNextTurnPower" /> due to its stacking behavior.
      [v0.107.1] /// </summary>
      [v0.107.1] 	public override async Task AfterSideTurnStart(CombatSide side, IReadOnlyList<Creature> participants, ICombatState combatState)
      [v0.107.1] 		if (participants.Contains(base.Owner))

  colossus-power (v0.103.2→v0.107.1: 4 lines)
    [v0.103.2 → v0.107.1]
      [v0.103.2] 	public override async Task AfterTurnEnd(PlayerChoiceContext choiceContext, CombatSide side)
      [v0.103.2] 			await PowerCmd.TickDownDuration(this);
      [v0.107.1] 	public override async Task AfterSideTurnEnd(PlayerChoiceContext choiceContext, CombatSide side, IEnumerable<Creature> participants)
      [v0.107.1] 			await PowerCmd.Decrement(this);

  conqueror-power (v0.103.2→v0.107.1: 6 lines)
    [v0.103.2 → v0.107.1]
      [v0.103.2] 	public override async Task AfterTurnEnd(PlayerChoiceContext choiceContext, CombatSide side)
      [v0.103.2] 		if (side == base.Owner.Side)
      [v0.103.2] 			await PowerCmd.TickDownDuration(this);
      [v0.107.1] 	public override async Task AfterSideTurnEnd(PlayerChoiceContext choiceContext, CombatSide side, IEnumerable<Creature> participants)
      [v0.107.1] 		if (participants.Contains(base.Owner))
      [v0.107.1] 			await PowerCmd.Decrement(this);

  constrict-power (v0.103.2→v0.107.1: 4 lines)
    [v0.103.2 → v0.107.1]
      [v0.103.2] 	public override async Task AfterTurnEnd(PlayerChoiceContext choiceContext, CombatSide side)
      [v0.103.2] 		if (side == base.Owner.Side)
      [v0.107.1] 	public override async Task AfterSideTurnEnd(PlayerChoiceContext choiceContext, CombatSide side, IEnumerable<Creature> participants)
      [v0.107.1] 		if (participants.Contains(base.Owner))

  consuming-shadow-power (v0.103.2→v0.107.1: 4 lines)
    [v0.103.2 → v0.107.1]
      [v0.103.2] 	public override async Task AfterTurnEnd(PlayerChoiceContext choiceContext, CombatSide side)
      [v0.103.2] 		if (side == base.Owner.Side && base.Owner.Player.PlayerCombatState.OrbQueue.Orbs.Count != 0)
      [v0.107.1] 	public override async Task AfterSideTurnEnd(PlayerChoiceContext choiceContext, CombatSide side, IEnumerable<Creature> participants)
      [v0.107.1] 		if (participants.Contains(base.Owner) && base.Owner.Player.PlayerCombatState.OrbQueue.Orbs.Count != 0)

  coolant-power (v0.103.2→v0.107.1: 4 lines)
    [v0.103.2 → v0.107.1]
      [v0.103.2] 	public override async Task AfterSideTurnStart(CombatSide side, CombatState combatState)
      [v0.103.2] 		if (side == base.Owner.Side)
      [v0.107.1] 	public override async Task AfterSideTurnStart(CombatSide side, IReadOnlyList<Creature> participants, ICombatState combatState)
      [v0.107.1] 		if (participants.Contains(base.Owner))

  corrosive-wave-power (v0.103.2→v0.107.1: 6 lines)
    [v0.103.2 → v0.107.1]
      [v0.103.2] 		await PowerCmd.Apply<PoisonPower>(base.CombatState.HittableEnemies, base.Amount, base.Owner, null);
      [v0.103.2] 	public override async Task AfterTurnEnd(PlayerChoiceContext choiceContext, CombatSide side)
      [v0.103.2] 		if (side == base.Owner.Side)
      [v0.107.1] 		await PowerCmd.Apply<PoisonPower>(choiceContext, base.CombatState.HittableEnemies, base.Amount, base.Owner, null);
      [v0.107.1] 	public override async Task AfterSideTurnEnd(PlayerChoiceContext choiceContext, CombatSide side, IEnumerable<Creature> participants)
      [v0.107.1] 		if (participants.Contains(base.Owner))

  corruption-power (v0.103.2→v0.107.1: 2 lines)
    [v0.103.2 → v0.107.1]
      [v0.103.2] 	public override bool TryModifyEnergyCostInCombat(CardModel card, decimal originalCost, out decimal modifiedCost)
      [v0.107.1] 	public override bool TryModifyEnergyCostInCombatLate(CardModel card, decimal originalCost, out decimal modifiedCost)

  countdown-power (v0.103.2→v0.107.1: 6 lines)
    [v0.103.2 → v0.107.1]
      [v0.103.2] 	public override async Task AfterSideTurnStart(CombatSide side, CombatState combatState)
      [v0.103.2] 		if (side == base.Owner.Side)
      [v0.103.2] 				await PowerCmd.Apply<DoomPower>(creature, base.Amount, base.Owner, null);
      [v0.107.1] 	public override async Task AfterSideTurnStart(CombatSide side, IReadOnlyList<Creature> participants, ICombatState combatState)
      [v0.107.1] 		if (participants.Contains(base.Owner))
      [v0.107.1] 				await PowerCmd.Apply<DoomPower>(new ThrowingPlayerChoiceContext(), creature, base.Amount, base.Owner, null);

  covered-power (v0.103.2→v0.107.1: 6 lines)
    [v0.103.2 → v0.107.1]
      [v0.103.2] 	public override bool IsInstanced => true;
      [v0.103.2] 			interceptPower = await PowerCmd.Apply<InterceptPower>(base.Applier, 1m, base.Owner, null);
      [v0.107.1] 	public override PowerInstanceType InstanceType => PowerInstanceType.Instanced;
      [v0.107.1] 			interceptPower = await PowerCmd.Apply<InterceptPower>(new ThrowingPlayerChoiceContext(), base.Applier, 1m, base.Owner, null);
      [v0.103.2] 	public override async Task AfterTurnEnd(PlayerChoiceContext choiceContext, CombatSide side)
      [v0.107.1] 	public override async Task AfterSideTurnEnd(PlayerChoiceContext choiceContext, CombatSide side, IEnumerable<Creature> participants)

  creative-ai-power (v0.103.2→v0.107.1: 4 lines)
    [v0.103.2 → v0.107.1]
      [v0.103.2] 	public override async Task BeforeHandDraw(Player player, PlayerChoiceContext choiceContext, CombatState combatState)
      [v0.103.2] 				await CardPileCmd.AddGeneratedCardToCombat(cardModel, PileType.Hand, addedByPlayer: true);
      [v0.107.1] 	public override async Task BeforeHandDraw(Player player, PlayerChoiceContext choiceContext, ICombatState combatState)
      [v0.107.1] 				await CardPileCmd.AddGeneratedCardToCombat(cardModel, PileType.Hand, base.Owner.Player);

  curl-up-power (v0.103.2→v0.107.1: 2 lines)
    [v0.103.2 → v0.107.1]
      [v0.103.2] 	public override async Task AfterCardPlayed(PlayerChoiceContext context, CardPlay cardPlay)
      [v0.107.1] 	public override async Task AfterCardPlayed(PlayerChoiceContext choiceContext, CardPlay cardPlay)

  dampen-power (v0.103.2→v0.107.1: 4 lines)
    [v0.103.2 → v0.107.1]
      [v0.103.2] 			if (base.Owner.HasPower<HexPower>())
      [v0.103.2] 			{
      [v0.103.2] 				CardCmd.ApplyKeyword(item, CardKeyword.Ethereal);
      [v0.103.2] 			}

  dark-embrace-power (v0.103.2→v0.107.1: 9 lines)
    [v0.103.2 → v0.107.1]
      [v0.107.1] 		/// <summary>
      [v0.107.1] 		/// If Ethereal cards are exhausted at turn end, we want to give the resulting cards to the player after the
      [v0.107.1] 		/// flush occurs. In STS1 this is handled because the card draws are put on the queue, but here we have to
      [v0.107.1] 		/// manually defer.
      [v0.107.1] 		/// </summary>
      [v0.103.2] 	public override async Task AfterTurnEnd(PlayerChoiceContext choiceContext, CombatSide side)
      [v0.103.2] 		if (side == CombatSide.Player)
      [v0.107.1] 	public override async Task AfterSideTurnEnd(PlayerChoiceContext choiceContext, CombatSide side, IEnumerable<Creature> participants)
      [v0.107.1] 		if (participants.Contains(base.Owner))

  debilitate-power (v0.103.2→v0.107.1: 4 lines)
    [v0.103.2 → v0.107.1]
      [v0.103.2] 	public override async Task AfterTurnEnd(PlayerChoiceContext choiceContext, CombatSide side)
      [v0.103.2] 		if (side == base.Owner.Side)
      [v0.107.1] 	public override async Task AfterSideTurnEnd(PlayerChoiceContext choiceContext, CombatSide side, IEnumerable<Creature> participants)
      [v0.107.1] 		if (participants.Contains(base.Owner))

  demise-power (v0.103.2→v0.107.1: 4 lines)
    [v0.103.2 → v0.107.1]
      [v0.103.2] 	public override async Task AfterTurnEnd(PlayerChoiceContext choiceContext, CombatSide side)
      [v0.103.2] 		if (side == base.Owner.Side)
      [v0.107.1] 	public override async Task AfterSideTurnEnd(PlayerChoiceContext choiceContext, CombatSide side, IEnumerable<Creature> participants)
      [v0.107.1] 		if (participants.Contains(base.Owner))

  demon-form-power (v0.103.2→v0.107.1: 6 lines)
    [v0.103.2 → v0.107.1]
      [v0.103.2] 	public override async Task AfterSideTurnStart(CombatSide side, CombatState combatState)
      [v0.103.2] 		if (side == base.Owner.Side)
      [v0.103.2] 			await PowerCmd.Apply<StrengthPower>(base.Owner, base.Amount, base.Owner, null);
      [v0.107.1] 	public override async Task AfterSideTurnStart(CombatSide side, IReadOnlyList<Creature> participants, ICombatState combatState)
      [v0.107.1] 		if (participants.Contains(base.Owner))
      [v0.107.1] 			await PowerCmd.Apply<StrengthPower>(new ThrowingPlayerChoiceContext(), base.Owner, base.Amount, base.Owner, null);

  devour-life-power (v0.103.2→v0.107.1: 4 lines)
    [v0.103.2 → v0.107.1]
      [v0.103.2] 	public override async Task AfterCardPlayed(PlayerChoiceContext context, CardPlay cardPlay)
      [v0.103.2] 			await OstyCmd.Summon(context, cardPlay.Card.Owner, base.Amount, this);
      [v0.107.1] 	public override async Task AfterCardPlayed(PlayerChoiceContext choiceContext, CardPlay cardPlay)
      [v0.107.1] 			await OstyCmd.Summon(choiceContext, cardPlay.Card.Owner, base.Amount, this);

  diamond-diadem-power (v0.103.2→v0.107.1: 5 lines)
    [v0.103.2 → v0.107.1]
      [v0.103.2] 	public override async Task AfterTurnEnd(PlayerChoiceContext choiceContext, CombatSide side)
      [v0.107.1] 	/// <summary>
      [v0.107.1] 	/// cuts damage received in half.
      [v0.107.1] 	/// </summary>
      [v0.107.1] 	public override async Task AfterSideTurnEnd(PlayerChoiceContext choiceContext, CombatSide side, IEnumerable<Creature> participants)

  die-for-you-power (v0.103.2→v0.107.1: 3 lines)
    [v0.103.2 → v0.107.1]
      [v0.107.1] 	/// <summary>
      [v0.107.1] 	/// This is so Osty won't receive powers while it is dead
      [v0.107.1] 	/// </summary>

  disintegration-power (v0.103.2→v0.107.1: 4 lines)
    [v0.103.2 → v0.107.1]
      [v0.103.2] 	public override async Task AfterTurnEndLate(PlayerChoiceContext choiceContext, CombatSide side)
      [v0.103.2] 		if (side == base.Owner.Side)
      [v0.107.1] 	public override async Task AfterSideTurnEndLate(PlayerChoiceContext choiceContext, CombatSide side, IEnumerable<Creature> participants)
      [v0.107.1] 		if (participants.Contains(base.Owner))

  double-damage-power (v0.103.2→v0.107.1: 6 lines)
    [v0.103.2 → v0.107.1]
      [v0.103.2] 	public override async Task AfterTurnEnd(PlayerChoiceContext choiceContext, CombatSide side)
      [v0.103.2] 		if (side == CombatSide.Player)
      [v0.103.2] 			await PowerCmd.TickDownDuration(this);
      [v0.107.1] 	public override async Task AfterSideTurnEnd(PlayerChoiceContext choiceContext, CombatSide side, IEnumerable<Creature> participants)
      [v0.107.1] 		if (participants.Contains(base.Owner))
      [v0.107.1] 			await PowerCmd.Decrement(this);

  draw-cards-next-turn-power (v0.103.2→v0.107.1: 8 lines)
    [v0.103.2 → v0.107.1]
      [v0.103.2] 	public override async Task AfterSideTurnStart(CombatSide side, CombatState combatState)
      [v0.103.2] 		if (side == base.Owner.Side && base.AmountOnTurnStart != 0)
      [v0.107.1] /// <summary>
      [v0.107.1] /// Draw an extra N cards at the beginning of your next turn.
      [v0.107.1] /// This is distinct from <see cref="T:MegaCrit.Sts2.Core.Models.Powers.ClarityPower" /> due to its stacking behavior.
      [v0.107.1] /// </summary>
      [v0.107.1] 	public override async Task AfterSideTurnStart(CombatSide side, IReadOnlyList<Creature> participants, ICombatState combatState)
      [v0.107.1] 		if (participants.Contains(base.Owner) && base.AmountOnTurnStart != 0)

  drum-of-battle-power (v0.103.2→v0.107.1: 30 lines)
    [v0.103.2 → v0.107.1]
      [v0.103.2] 
      [v0.103.2] namespace MegaCrit.Sts2.Core.Models.Powers;
      [v0.103.2] 
      [v0.103.2] public sealed class DrumOfBattlePower : PowerModel
      [v0.103.2] {
      [v0.103.2] 	public override PowerType Type => PowerType.Buff;
      [v0.103.2] 
      [v0.103.2] 	public override PowerStackType StackType => PowerStackType.Counter;
      [v0.103.2] 
      [v0.103.2] 	protected override IEnumerable<IHoverTip> ExtraHoverTips => new global::_003C_003Ez__ReadOnlySingleElementList<IHoverTip>(HoverTipFactory.FromKeyword(CardKeyword.Exhaust));
      [v0.103.2] 
      [v0.103.2] 	public override async Task BeforeHandDrawLate(Player player, PlayerChoiceContext choiceContext, CombatState combatState)
      [v0.103.2] 	{
      [v0.103.2] 		if (player.Creature != base.Owner)
      [v0.103.2] 		{
      [v0.103.2] 			return;
      [v0.103.2] 		}
      [v0.103.2] 		Flash();
      [v0.103.2] 		CardPile drawPile = PileType.Draw.GetPile(base.Owner.Player);
      [v0.103.2] 		for (int i = 0; i < base.Amount; i++)
      [v0.103.2] 		{
      [v0.103.2] 			await CardPileCmd.ShuffleIfNecessary(choiceContext, base.Owner.Player);
      [v0.103.2] 			CardModel cardModel = drawPile.Cards.FirstOrDefault();
      [v0.103.2] 			if (cardModel != null)
      [v0.103.2] 			{
      [v0.103.2] 				await CardCmd.Exhaust(choiceContext, cardModel);
      [v0.103.2] 			}
      [v0.103.2] 		}
      [v0.103.2] 	}
      [v0.103.2] }

  duplication-power (v0.103.2→v0.107.1: 4 lines)
    [v0.103.2 → v0.107.1]
      [v0.103.2] 	public override async Task AfterTurnEnd(PlayerChoiceContext choiceContext, CombatSide side)
      [v0.103.2] 		if (side == base.Owner.Side)
      [v0.107.1] 	public override async Task AfterSideTurnEnd(PlayerChoiceContext choiceContext, CombatSide side, IEnumerable<Creature> participants)
      [v0.107.1] 		if (participants.Contains(base.Owner))

  enrage-power (v0.103.2→v0.107.1: 4 lines)
    [v0.103.2 → v0.107.1]
      [v0.103.2] 	public override async Task AfterCardPlayed(PlayerChoiceContext context, CardPlay cardPlay)
      [v0.103.2] 			await PowerCmd.Apply<StrengthPower>(base.Owner, base.Amount, base.Owner, null);
      [v0.107.1] 	public override async Task AfterCardPlayed(PlayerChoiceContext choiceContext, CardPlay cardPlay)
      [v0.107.1] 			await PowerCmd.Apply<StrengthPower>(choiceContext, base.Owner, base.Amount, base.Owner, null);

  envenom-power (v0.103.2→v0.107.1: 2 lines)
    [v0.103.2 → v0.107.1]
      [v0.103.2] 			await PowerCmd.Apply<PoisonPower>(target, base.Amount, base.Owner, null);
      [v0.107.1] 			await PowerCmd.Apply<PoisonPower>(choiceContext, target, base.Amount, base.Owner, null);

  escape-artist-power (v0.103.2→v0.107.1: 7 lines)
    [v0.103.2 → v0.107.1]
      [v0.103.2] 	public override async Task AfterTurnEnd(PlayerChoiceContext choiceContext, CombatSide side)
      [v0.103.2] 		if (side == base.Owner.Side)
      [v0.107.1] /// <summary>
      [v0.107.1] /// Just a visual timer for when <see cref="T:MegaCrit.Sts2.Core.Models.Monsters.ThievingHopper" /> will escape.
      [v0.107.1] /// </summary>
      [v0.107.1] 	public override async Task AfterSideTurnEnd(PlayerChoiceContext choiceContext, CombatSide side, IEnumerable<Creature> participants)
      [v0.107.1] 		if (participants.Contains(base.Owner))

  fan-of-knives-power (v0.103.2→v0.107.1: 4 lines)
    [v0.103.2 → v0.107.1]
      [v0.107.1] /// <summary>
      [v0.107.1] /// This power doesn't actually do anything on its own. Instead, the <see cref="T:MegaCrit.Sts2.Core.Models.Cards.Shiv" /> card checks for its existence
      [v0.107.1] /// and modifies its targeting.
      [v0.107.1] /// </summary>

  feral-power (v0.103.2→v0.107.1: 4 lines)
    [v0.103.2 → v0.107.1]
      [v0.103.2] 	public override Task AfterSideTurnStart(CombatSide side, CombatState combatState)
      [v0.103.2] 		if (side != base.Owner.Side)
      [v0.107.1] 	public override Task AfterSideTurnStart(CombatSide side, IReadOnlyList<Creature> participants, ICombatState combatState)
      [v0.107.1] 		if (!participants.Contains(base.Owner))

  flame-barrier-power (v0.103.2→v0.107.1: 2 lines)
    [v0.103.2 → v0.107.1]
      [v0.103.2] 	public override async Task AfterTurnEnd(PlayerChoiceContext choiceContext, CombatSide side)
      [v0.107.1] 	public override async Task AfterSideTurnEnd(PlayerChoiceContext choiceContext, CombatSide side, IEnumerable<Creature> participants)

  flanking-power (v0.103.2→v0.107.1: 6 lines)
    [v0.103.2 → v0.107.1]
      [v0.103.2] 	public override bool IsInstanced => true;
      [v0.107.1] 	public override PowerInstanceType InstanceType => PowerInstanceType.Instanced;
      [v0.103.2] 	public override async Task AfterTurnEnd(PlayerChoiceContext choiceContext, CombatSide side)
      [v0.103.2] 		if (side == base.Owner.Side)
      [v0.107.1] 	public override async Task AfterSideTurnEnd(PlayerChoiceContext choiceContext, CombatSide side, IEnumerable<Creature> participants)
      [v0.107.1] 		if (participants.Contains(base.Owner))

  focus-power (v0.103.2→v0.107.1: 4 lines)
    [v0.103.2 → v0.107.1]
      [v0.103.2] 	public override decimal ModifyOrbValue(Player player, decimal value)
      [v0.103.2] 		if (base.Owner.Player != player)
      [v0.107.1] 	public override decimal ModifyOrbValue(OrbModel orb, decimal value)
      [v0.107.1] 		if (base.Owner.Player != orb.Owner)

  foregone-conclusion-power (v0.103.2→v0.107.1: 6 lines)
    [v0.103.2 → v0.107.1]
      [v0.103.2] 	public override async Task BeforeHandDraw(Player player, PlayerChoiceContext choiceContext, CombatState combatState)
      [v0.103.2] 			await CardPileCmd.Add(await CardSelectCmd.FromSimpleGrid(choiceContext, (from c in PileType.Draw.GetPile(base.Owner.Player).Cards
      [v0.103.2] 				orderby c.Rarity, c.Id
      [v0.103.2] 				select c).ToList(), base.Owner.Player, new CardSelectorPrefs(base.SelectionScreenPrompt, base.Amount)), PileType.Hand);
      [v0.107.1] 	public override async Task BeforeHandDraw(Player player, PlayerChoiceContext choiceContext, ICombatState combatState)
      [v0.107.1] 			await CardPileCmd.Add(await CardSelectCmd.FromCombatPile(choiceContext, PileType.Draw.GetPile(base.Owner.Player), base.Owner.Player, new CardSelectorPrefs(base.SelectionScreenPrompt, base.Amount)), PileType.Hand);

  frail-power (v0.103.2→v0.107.1: 2 lines)
    [v0.103.2 → v0.107.1]
      [v0.103.2] 	public override async Task AfterTurnEnd(PlayerChoiceContext choiceContext, CombatSide side)
      [v0.107.1] 	public override async Task AfterSideTurnEnd(PlayerChoiceContext choiceContext, CombatSide side, IEnumerable<Creature> participants)

  free-attack-power (v0.103.2→v0.107.1: 2 lines)
    [v0.103.2 → v0.107.1]
      [v0.103.2] 	public override bool TryModifyEnergyCostInCombat(CardModel card, decimal originalCost, out decimal modifiedCost)
      [v0.107.1] 	public override bool TryModifyEnergyCostInCombatLate(CardModel card, decimal originalCost, out decimal modifiedCost)

  free-power-power (v0.103.2→v0.107.1: 2 lines)
    [v0.103.2 → v0.107.1]
      [v0.103.2] 	public override bool TryModifyEnergyCostInCombat(CardModel card, decimal originalCost, out decimal modifiedCost)
      [v0.107.1] 	public override bool TryModifyEnergyCostInCombatLate(CardModel card, decimal originalCost, out decimal modifiedCost)

  free-skill-power (v0.103.2→v0.107.1: 2 lines)
    [v0.103.2 → v0.107.1]
      [v0.103.2] 	public override bool TryModifyEnergyCostInCombat(CardModel card, decimal originalCost, out decimal modifiedCost)
      [v0.107.1] 	public override bool TryModifyEnergyCostInCombatLate(CardModel card, decimal originalCost, out decimal modifiedCost)

  furnace-power (v0.103.2→v0.107.1: 4 lines)
    [v0.103.2 → v0.107.1]
      [v0.103.2] 	public override async Task AfterSideTurnStart(CombatSide side, CombatState combatState)
      [v0.103.2] 		if (side == base.Owner.Side)
      [v0.107.1] 	public override async Task AfterSideTurnStart(CombatSide side, IReadOnlyList<Creature> participants, ICombatState combatState)
      [v0.107.1] 		if (participants.Contains(base.Owner))

  galvanic-power (v0.103.2→v0.107.1: 4 lines)
    [v0.103.2 → v0.107.1]
      [v0.103.2] 	public override async Task AfterCardPlayed(PlayerChoiceContext context, CardPlay cardPlay)
      [v0.103.2] 			await CreatureCmd.Damage(context, cardPlay.Card.Owner.Creature, base.Amount, ValueProp.Unpowered | ValueProp.Move, null, null);
      [v0.107.1] 	public override async Task AfterCardPlayed(PlayerChoiceContext choiceContext, CardPlay cardPlay)
      [v0.107.1] 			await CreatureCmd.Damage(choiceContext, cardPlay.Card.Owner.Creature, base.Amount, ValueProp.Unpowered | ValueProp.Move, null, null);

  gigantification-power (v0.103.2→v0.107.1: 2 lines)
    [v0.103.2 → v0.107.1]
      [v0.103.2] 	public override async Task AfterAttack(AttackCommand command)
      [v0.107.1] 	public override async Task AfterAttack(PlayerChoiceContext choiceContext, AttackCommand command)

  gravity-power (v0.103.2→v0.107.1: 13 lines)
    [v0.103.2 → v0.107.1]
      [v0.107.1] 		/// <summary>
      [v0.107.1] 		/// Keep track of the cards we've seen played and the power amount at the time they were played.
      [v0.107.1] 		/// This lets Gravity avoid triggering on cards that started play before it was applied, and avoid applying
      [v0.107.1] 		/// extra damage on multiple plays of Gravity Well.
      [v0.107.1] 		/// </summary>
      [v0.103.2] 	public override async Task AfterCardPlayed(PlayerChoiceContext context, CardPlay cardPlay)
      [v0.103.2] 			await CreatureCmd.Damage(context, base.Owner.CombatState.HittableEnemies, value, ValueProp.Unpowered, base.Owner, null);
      [v0.103.2] 	public override async Task AfterTurnEnd(PlayerChoiceContext choiceContext, CombatSide side)
      [v0.103.2] 		if (side == base.Owner.Side)
      [v0.107.1] 	public override async Task AfterCardPlayed(PlayerChoiceContext choiceContext, CardPlay cardPlay)
      [v0.107.1] 			await CreatureCmd.Damage(choiceContext, base.Owner.CombatState.HittableEnemies, value, ValueProp.Unpowered, base.Owner, null);
      [v0.107.1] 	public override async Task AfterSideTurnEnd(PlayerChoiceContext choiceContext, CombatSide side, IEnumerable<Creature> participants)
      [v0.107.1] 		if (participants.Contains(base.Owner))

  guarded-power (v0.103.2→v0.107.1: 2 lines)
    [v0.103.2 → v0.107.1]
      [v0.103.2] 	public override bool IsInstanced => true;
      [v0.107.1] 	public override PowerInstanceType InstanceType => PowerInstanceType.Instanced;

  hailstorm-power (v0.103.2→v0.107.1: 4 lines)
    [v0.103.2 → v0.107.1]
      [v0.103.2] 	public override async Task BeforeTurnEnd(PlayerChoiceContext choiceContext, CombatSide side)
      [v0.103.2] 		if (side == base.Owner.Side)
      [v0.107.1] 	public override async Task BeforeSideTurnEnd(PlayerChoiceContext choiceContext, CombatSide side, IEnumerable<Creature> participants)
      [v0.107.1] 		if (participants.Contains(base.Owner))

  hardened-shell-power (v0.103.2→v0.107.1: 14 lines)
    [v0.103.2 → v0.107.1]
      [v0.103.2] 		GetInternalData<Data>().damageReceivedThisTurn += (decimal)result.UnblockedDamage;
      [v0.103.2] 	public override Task BeforeSideTurnStart(PlayerChoiceContext choiceContext, CombatSide side, CombatState combatState)
      [v0.103.2] 		if (side != CombatSide.Player)
      [v0.103.2] 		{
      [v0.103.2] 			return Task.CompletedTask;
      [v0.103.2] 		}
      [v0.107.1] 		Data internalData = GetInternalData<Data>();
      [v0.107.1] 		internalData.damageReceivedThisTurn += (decimal)result.UnblockedDamage;
      [v0.107.1] 		if (internalData.damageReceivedThisTurn >= (decimal)base.Amount)
      [v0.107.1] 		{
      [v0.107.1] 			base.Owner.HpDisplay = HpDisplay.InfiniteWithNumbers;
      [v0.107.1] 		}
      [v0.107.1] 	public override Task BeforeSideTurnStart(PlayerChoiceContext choiceContext, CombatSide side, IReadOnlyList<Creature> participants, ICombatState combatState)
      [v0.107.1] 		base.Owner.HpDisplay = HpDisplay.Normal;

  hatch-power (v0.103.2→v0.107.1: 6 lines)
    [v0.103.2 → v0.107.1]
      [v0.103.2] 	public override async Task AfterTurnEnd(PlayerChoiceContext choiceContext, CombatSide side)
      [v0.103.2] 		if (side == CombatSide.Enemy)
      [v0.103.2] 			await PowerCmd.TickDownDuration(this);
      [v0.107.1] 	public override async Task AfterSideTurnEnd(PlayerChoiceContext choiceContext, CombatSide side, IEnumerable<Creature> participants)
      [v0.107.1] 		if (participants.Contains(base.Owner))
      [v0.107.1] 			await PowerCmd.Decrement(this);

  heist-power (v0.103.2→v0.107.1: 3 lines)
    [v0.103.2 → v0.107.1]
      [v0.103.2] 	public override bool IsInstanced => true;
      [v0.107.1] 	public override PowerInstanceType InstanceType => PowerInstanceType.Instanced;
      [v0.107.1] 		base.CombatState.RunState.CurrentMapPointHistoryEntry?.GetEntry(base.Target.Player.NetId).MarkLootReturned(base.Amount);

  hello-world-power (v0.103.2→v0.107.1: 4 lines)
    [v0.103.2 → v0.107.1]
      [v0.103.2] 	public override async Task BeforeHandDraw(Player player, PlayerChoiceContext choiceContext, CombatState combatState)
      [v0.103.2] 			await CardPileCmd.AddGeneratedCardsToCombat(distinctForCombat, PileType.Hand, addedByPlayer: true);
      [v0.107.1] 	public override async Task BeforeHandDraw(Player player, PlayerChoiceContext choiceContext, ICombatState combatState)
      [v0.107.1] 			await CardPileCmd.AddGeneratedCardsToCombat(distinctForCombat, PileType.Hand, base.Owner.Player);

  hellraiser-power (v0.103.2→v0.107.1: 67 lines)
    [v0.103.2 → v0.107.1]
      [v0.103.2] 	private HashSet<CardModel>? _autoplayingCards;
      [v0.103.2] 	private HashSet<CardModel> AutoplayingCards
      [v0.103.2] 		get
      [v0.103.2] 			AssertMutable();
      [v0.103.2] 			if (_autoplayingCards == null)
      [v0.103.2] 				_autoplayingCards = new HashSet<CardModel>();
      [v0.103.2] 			return _autoplayingCards;
      [v0.103.2] 	public override async Task AfterCardDrawnEarly(PlayerChoiceContext choiceContext, CardModel card, bool fromHandDraw)
      [v0.103.2] 		if (card.Owner.Creature == base.Owner && card.Tags.Contains(CardTag.Strike) && !base.Owner.CombatState.HittableEnemies.All((Creature c) => c.ShowsInfiniteHp))
      [v0.103.2] 			AutoplayingCards.Add(card);
      [v0.103.2] 			await CardCmd.AutoPlay(choiceContext, card, null);
      [v0.103.2] 			AutoplayingCards.Remove(card);
      [v0.103.2] 		if (!AutoplayingCards.Contains(command.ModelSource))
      [v0.107.1] 	private class Data
      [v0.107.1] 	{
      [v0.107.1] 		public readonly HashSet<CardModel> autoPlayingCards = new HashSet<CardModel>();
      [v0.107.1] 		public int infiniteAutoPlaysThisTurn;
      [v0.107.1] 
      [v0.107.1] 		public bool showedCapReachedMessage;
      [v0.107.1] 	}
      [v0.107.1] 
      [v0.107.1] 	private const int _infiniteAutoPlayCap = 9;
      [v0.107.1] 
      [v0.107.1] 	protected override object InitInternalData()
      [v0.107.1] 		return new Data();
      [v0.107.1] 	}
      [v0.107.1] 
      [v0.107.1] 	public override async Task AfterCardDrawnEarly(PlayerChoiceContext choiceContext, CardModel card, bool fromHandDraw)
      [v0.107.1] 	{
      [v0.107.1] 		if (card.Owner.Creature != base.Owner || !card.Tags.Contains(CardTag.Strike))
      [v0.107.1] 			return;
      [v0.107.1] 		}
      [v0.107.1] 		Data data = GetInternalData<Data>();
      [v0.107.1] 		bool flag = true;
      [v0.107.1] 		if (base.Owner.CombatState.HittableEnemies.All((Creature c) => c.HpDisplay.IsInfinite()))
      [v0.107.1] 		{
      [v0.107.1] 			if (data.infiniteAutoPlaysThisTurn >= 9)
      [v0.107.1] 				flag = false;
      [v0.107.1] 				if (!data.showedCapReachedMessage)
      [v0.107.1] 				{
      [v0.107.1] 					ThinkCmd.Play(new LocString("powers", "HELLRAISER_POWER.infiniteAutoPlayCapReached"), base.Owner);
      [v0.107.1] 					data.showedCapReachedMessage = true;
      [v0.107.1] 				}
      [v0.107.1] 			data.infiniteAutoPlaysThisTurn++;
      [v0.107.1] 		else
      [v0.107.1] 		{
      [v0.107.1] 			ResetInfiniteAutoPlayData();
      [v0.107.1] 		}
      [v0.107.1] 		if (flag)
      [v0.107.1] 		{
      [v0.107.1] 			data.autoPlayingCards.Add(card);
      [v0.107.1] 			await CardCmd.AutoPlay(choiceContext, card, null);
      [v0.107.1] 			data.autoPlayingCards.Remove(card);
      [v0.107.1] 		}
      [v0.107.1] 	public override Task AfterSideTurnEnd(PlayerChoiceContext choiceContext, CombatSide side, IEnumerable<Creature> participants)
      [v0.107.1] 		if (!participants.Contains(base.Owner))
      [v0.107.1] 			return Task.CompletedTask;
      [v0.107.1] 		ResetInfiniteAutoPlayData();
      [v0.107.1] 		return Task.CompletedTask;
      [v0.107.1] 		if (!GetInternalData<Data>().autoPlayingCards.Contains(command.ModelSource))
      [v0.107.1] 	}
      [v0.107.1] 
      [v0.107.1] 	private void ResetInfiniteAutoPlayData()
      [v0.107.1] 	{
      [v0.107.1] 		Data internalData = GetInternalData<Data>();
      [v0.107.1] 		internalData.infiniteAutoPlaysThisTurn = 0;
      [v0.107.1] 		internalData.showedCapReachedMessage = false;

  hex-power (v0.103.2→v0.107.1: 31 lines)
    [v0.103.2 → v0.107.1]
      [v0.107.1] 	/// <summary>
      [v0.107.1] 	/// Ethereal is granted globally for as long as this power exists, gated on the card being afflicted with
      [v0.107.1] 	/// <see cref="T:MegaCrit.Sts2.Core.Models.Afflictions.Hexed" />. When this power is removed, it stops contributing here automatically, so any Ethereal from
      [v0.107.1] 	/// another source (e.g. <see cref="T:MegaCrit.Sts2.Core.Models.Relics.MusicBox" />) is left untouched.
      [v0.107.1] 	/// </summary>
      [v0.107.1] 	public override bool TryModifyKeywordsInCombat(CardModel card, ISet<CardKeyword> keywords)
      [v0.107.1] 	{
      [v0.107.1] 		if (card.Owner != base.Owner.Player)
      [v0.107.1] 		{
      [v0.107.1] 			return false;
      [v0.107.1] 		}
      [v0.107.1] 		if (!(card.Affliction is Hexed))
      [v0.107.1] 		{
      [v0.107.1] 			return false;
      [v0.107.1] 		}
      [v0.107.1] 		return keywords.Add(CardKeyword.Ethereal);
      [v0.107.1] 	}
      [v0.107.1] 
      [v0.103.2] 			if (allCard.Affliction is Hexed hexed)
      [v0.103.2] 				if (hexed.AppliedEthereal)
      [v0.103.2] 				{
      [v0.103.2] 					CardCmd.RemoveKeyword(allCard, CardKeyword.Ethereal);
      [v0.103.2] 				}
      [v0.103.2] 			Hexed hexed = await CardCmd.Afflict<Hexed>(card, base.Amount);
      [v0.103.2] 			if (hexed != null && !card.Keywords.Contains(CardKeyword.Ethereal))
      [v0.103.2] 			{
      [v0.103.2] 				CardCmd.ApplyKeyword(card, CardKeyword.Ethereal);
      [v0.103.2] 				hexed.AppliedEthereal = true;
      [v0.103.2] 			}
      [v0.107.1] 			if (allCard.Affliction is Hexed)
      [v0.107.1] 			await CardCmd.Afflict<Hexed>(card, base.Amount);

  high-voltage-power (v0.103.2→v0.107.1: 6 lines)
    [v0.103.2 → v0.107.1]
      [v0.103.2] 	public override async Task AfterTurnEnd(PlayerChoiceContext choiceContext, CombatSide side)
      [v0.103.2] 		if (side == base.Owner.Side)
      [v0.103.2] 			await PowerCmd.Apply<StrengthPower>(base.Owner, base.Amount, base.Owner, null);
      [v0.107.1] 	public override async Task AfterSideTurnEnd(PlayerChoiceContext choiceContext, CombatSide side, IEnumerable<Creature> participants)
      [v0.107.1] 		if (participants.Contains(base.Owner))
      [v0.107.1] 			await PowerCmd.Apply<StrengthPower>(choiceContext, base.Owner, base.Amount, base.Owner, null);

  illusion-power (v0.103.2→v0.107.1: 16 lines)
    [v0.103.2 → v0.107.1]
      [v0.103.2] 		return power.Type == PowerType.Debuff;
      [v0.103.2] 		return PowerCmd.Apply<MinionPower>(base.Owner, 1m, null, null);
      [v0.107.1] 	/// <summary>
      [v0.107.1] 	/// Illusions keep their buffs (including IllusionPower itself) after dying.
      [v0.107.1] 	/// We ignore Temporary powers (ie temp strength down from dark shackles or dying star) so that the
      [v0.107.1] 	/// temp powers they are applying also go away
      [v0.107.1] 	/// </summary>
      [v0.107.1] 		if (power.Type == PowerType.Debuff)
      [v0.107.1] 		{
      [v0.107.1] 			return !(power is ITemporaryPower);
      [v0.107.1] 		}
      [v0.107.1] 		return false;
      [v0.107.1] 		return PowerCmd.Apply<MinionPower>(new ThrowingPlayerChoiceContext(), base.Owner, 1m, null, null);
      [v0.107.1] 	/// <summary>
      [v0.107.1] 	/// This is so the owner doesn't receive powers while it is reviving.
      [v0.107.1] 	/// </summary>

  infinite-blades-power (v0.103.2→v0.107.1: 2 lines)
    [v0.103.2 → v0.107.1]
      [v0.103.2] 	public override async Task BeforeHandDraw(Player player, PlayerChoiceContext choiceContext, CombatState combatState)
      [v0.107.1] 	public override async Task BeforeHandDraw(Player player, PlayerChoiceContext choiceContext, ICombatState combatState)

  intangible-power (v0.103.2→v0.107.1: 31 lines)
    [v0.103.2 → v0.107.1]
      [v0.103.2] 		return Math.Min(GetDamageCap(dealer), amount);
      [v0.103.2] 		return GetDamageCap(dealer);
      [v0.103.2] 	public override async Task AfterTurnEnd(PlayerChoiceContext choiceContext, CombatSide side)
      [v0.103.2] 			await PowerCmd.TickDownDuration(this);
      [v0.103.2] 	}
      [v0.103.2] 
      [v0.103.2] 	private int GetDamageCap(Creature? dealer)
      [v0.103.2] 	{
      [v0.103.2] 		Player player = dealer?.Player ?? dealer?.PetOwner;
      [v0.103.2] 		if (player == null || !player.Relics.Any((RelicModel r) => r is TheBoot))
      [v0.103.2] 		{
      [v0.103.2] 			return 1;
      [v0.103.2] 		}
      [v0.103.2] 		return 5;
      [v0.107.1] 		if (amount < 1m)
      [v0.107.1] 		{
      [v0.107.1] 			return amount;
      [v0.107.1] 		}
      [v0.107.1] 		return 1m;
      [v0.107.1] 	/// <summary>
      [v0.107.1] 	/// Caps damage received at 1.
      [v0.107.1] 	/// Note: the HP loss logic is already handled by <see cref="M:MegaCrit.Sts2.Core.Models.Powers.IntangiblePower.ModifyHpLostAfterOsty(MegaCrit.Sts2.Core.Entities.Creatures.Creature,System.Decimal,MegaCrit.Sts2.Core.ValueProps.ValueProp,MegaCrit.Sts2.Core.Entities.Creatures.Creature,MegaCrit.Sts2.Core.Models.CardModel)" />, the duplicated logic here is
      [v0.107.1] 	/// for block loss and preview logic on targeted attacks.
      [v0.107.1] 	/// </summary>
      [v0.107.1] 		return 1m;
      [v0.107.1] 	/// <summary>
      [v0.107.1] 	/// Note: the HP loss logic is already handled by <see cref="M:MegaCrit.Sts2.Core.Models.Powers.IntangiblePower.AfterModifyingHpLostAfterOsty" />, the duplicated logic
      [v0.107.1] 	/// here is for block loss and preview logic on targeted attacks.
      [v0.107.1] 	/// </summary>
      [v0.107.1] 	public override async Task AfterSideTurnEnd(PlayerChoiceContext choiceContext, CombatSide side, IEnumerable<Creature> participants)
      [v0.107.1] 			await PowerCmd.Decrement(this);

  intercept-power (v0.103.2→v0.107.1: 2 lines)
    [v0.103.2 → v0.107.1]
      [v0.103.2] 	public override async Task AfterTurnEnd(PlayerChoiceContext choiceContext, CombatSide side)
      [v0.107.1] 	public override async Task AfterSideTurnEnd(PlayerChoiceContext choiceContext, CombatSide side, IEnumerable<Creature> participants)

  juggling-power (v0.103.2→v0.107.1: 11 lines)
    [v0.103.2 → v0.107.1]
      [v0.103.2] 	public override async Task AfterCardPlayed(PlayerChoiceContext context, CardPlay cardPlay)
      [v0.103.2] 				await CardPileCmd.AddGeneratedCardToCombat(card, PileType.Hand, addedByPlayer: true);
      [v0.103.2] 	public override Task AfterTurnEnd(PlayerChoiceContext choiceContext, CombatSide side)
      [v0.103.2] 		if (side == base.Owner.Side)
      [v0.103.2] 			GetInternalData<Data>().attacksPlayedThisTurn = 0;
      [v0.107.1] 	public override async Task AfterCardPlayed(PlayerChoiceContext choiceContext, CardPlay cardPlay)
      [v0.107.1] 				await CardPileCmd.AddGeneratedCardToCombat(card, PileType.Hand, base.Owner.Player);
      [v0.107.1] 	public override Task AfterSideTurnEnd(PlayerChoiceContext choiceContext, CombatSide side, IEnumerable<Creature> participants)
      [v0.107.1] 		if (!participants.Contains(base.Owner))
      [v0.107.1] 			return Task.CompletedTask;
      [v0.107.1] 		GetInternalData<Data>().attacksPlayedThisTurn = 0;

  knockdown-power (v0.103.2→v0.107.1: 6 lines)
    [v0.103.2 → v0.107.1]
      [v0.103.2] 	public override bool IsInstanced => true;
      [v0.107.1] 	public override PowerInstanceType InstanceType => PowerInstanceType.Instanced;
      [v0.103.2] 	public override async Task AfterTurnEnd(PlayerChoiceContext choiceContext, CombatSide side)
      [v0.103.2] 		if (side == base.Owner.Side)
      [v0.107.1] 	public override async Task AfterSideTurnEnd(PlayerChoiceContext choiceContext, CombatSide side, IEnumerable<Creature> participants)
      [v0.107.1] 		if (participants.Contains(base.Owner))

  lightning-rod-power (v0.103.2→v0.107.1: 7 lines)
    [v0.103.2 → v0.107.1]
      [v0.107.1] 	/// <remarks>
      [v0.107.1] 	/// We do this in AfterEnergyReset instead of BeforeSideTurnStart so the player will still get benefits from orbs
      [v0.107.1] 	/// that might be evoked to make room for the new Lightning Orb. Specifically:
      [v0.107.1] 	///
      [v0.107.1] 	/// - <see cref="T:MegaCrit.Sts2.Core.Models.Orbs.PlasmaOrb" />'s energy gain could be lost to energy reset if this triggered earlier.
      [v0.107.1] 	/// - <see cref="T:MegaCrit.Sts2.Core.Models.Orbs.FrostOrb" />'s block gain could be lost to block clear if this triggered earlier.
      [v0.107.1] 	/// </remarks>

  magic-bomb-power (v0.103.2→v0.107.1: 6 lines)
    [v0.103.2 → v0.107.1]
      [v0.103.2] 	public override bool IsInstanced => true;
      [v0.103.2] 	public override async Task AfterTurnEnd(PlayerChoiceContext choiceContext, CombatSide side)
      [v0.103.2] 		if (side == base.Owner.Side && base.Applier != null && !base.Applier.IsDead)
      [v0.107.1] 	public override PowerInstanceType InstanceType => PowerInstanceType.Instanced;
      [v0.107.1] 	public override async Task AfterSideTurnEnd(PlayerChoiceContext choiceContext, CombatSide side, IEnumerable<Creature> participants)
      [v0.107.1] 		if (participants.Contains(base.Owner) && base.Applier != null && !base.Applier.IsDead)

  master-planner-power (v0.103.2→v0.107.1: 2 lines)
    [v0.103.2 → v0.107.1]
      [v0.103.2] 	public override Task AfterCardPlayed(PlayerChoiceContext context, CardPlay cardPlay)
      [v0.107.1] 	public override Task AfterCardPlayed(PlayerChoiceContext choiceContext, CardPlay cardPlay)

  monarchs-gaze-power (v0.103.2→v0.107.1: 2 lines)
    [v0.103.2 → v0.107.1]
      [v0.103.2] 			await PowerCmd.Apply<MonarchsGazeStrengthDownPower>(target, base.Amount, base.Owner, null);
      [v0.107.1] 			await PowerCmd.Apply<MonarchsGazeStrengthDownPower>(choiceContext, target, base.Amount, base.Owner, null);

  monologue-power (v0.103.2→v0.107.1: 17 lines)
    [v0.103.2 → v0.107.1]
      [v0.107.1] 		/// <summary>
      [v0.107.1] 		/// Keep track of the cards we've seen played and the power amount at the time they were played.
      [v0.107.1] 		/// This lets Monologue avoid triggering on cards that started play before it was applied, and avoid gaining
      [v0.107.1] 		/// extra block on multiple plays of Monologue.
      [v0.107.1] 		/// </summary>
      [v0.103.2] 	public override bool IsInstanced => true;
      [v0.107.1] 	public override PowerInstanceType InstanceType => PowerInstanceType.Instanced;
      [v0.103.2] 	public override async Task AfterCardPlayed(PlayerChoiceContext context, CardPlay cardPlay)
      [v0.103.2] 			await PowerCmd.Apply<StrengthPower>(base.Owner, value, base.Owner, null, silent: true);
      [v0.103.2] 	public override async Task AfterTurnEnd(PlayerChoiceContext choiceContext, CombatSide side)
      [v0.103.2] 		if (side == base.Owner.Side)
      [v0.103.2] 			await PowerCmd.Apply<StrengthPower>(base.Owner, -base.DynamicVars["StrengthApplied"].BaseValue, base.Owner, null, silent: true);
      [v0.107.1] 	public override async Task AfterCardPlayed(PlayerChoiceContext choiceContext, CardPlay cardPlay)
      [v0.107.1] 			await PowerCmd.Apply<StrengthPower>(choiceContext, base.Owner, value, base.Owner, null, silent: true);
      [v0.107.1] 	public override async Task AfterSideTurnEnd(PlayerChoiceContext choiceContext, CombatSide side, IEnumerable<Creature> participants)
      [v0.107.1] 		if (participants.Contains(base.Owner))
      [v0.107.1] 			await PowerCmd.Apply<StrengthPower>(choiceContext, base.Owner, -base.DynamicVars["StrengthApplied"].BaseValue, base.Owner, null, silent: true);

  nemesis-power (v0.103.2→v0.107.1: 25 lines)
    [v0.103.2 → v0.107.1]
      [v0.103.2] 	public override async Task AfterTurnEnd(PlayerChoiceContext choiceContext, CombatSide side)
      [v0.103.2] 		if (side != base.Owner.Side)
      [v0.103.2] 			return;
      [v0.103.2] 		}
      [v0.103.2] 		_shouldApplyIntangible = !_shouldApplyIntangible;
      [v0.103.2] 		if (_shouldApplyIntangible)
      [v0.103.2] 		{
      [v0.103.2] 			Flash();
      [v0.103.2] 			IntangiblePower intangiblePower = await PowerCmd.Apply<IntangiblePower>(base.Owner, 1m, base.Owner, null);
      [v0.103.2] 			if (intangiblePower != null)
      [v0.103.2] 				intangiblePower.SkipNextDurationTick = true;
      [v0.103.2] 		}
      [v0.103.2] 		else if (base.Owner.HasPower<IntangiblePower>())
      [v0.103.2] 		{
      [v0.103.2] 			await PowerCmd.Remove(base.Owner.GetPower<IntangiblePower>());
      [v0.107.1] 	public override async Task AfterSideTurnEnd(PlayerChoiceContext choiceContext, CombatSide side, IEnumerable<Creature> participants)
      [v0.107.1] 		if (participants.Contains(base.Owner))
      [v0.107.1] 			_shouldApplyIntangible = !_shouldApplyIntangible;
      [v0.107.1] 			if (_shouldApplyIntangible)
      [v0.107.1] 				Flash();
      [v0.107.1] 				await PowerCmd.Apply<IntangiblePower>(choiceContext, base.Owner, 1m, base.Owner, null);
      [v0.107.1] 			else if (base.Owner.HasPower<IntangiblePower>())
      [v0.107.1] 			{
      [v0.107.1] 				await PowerCmd.Remove(base.Owner.GetPower<IntangiblePower>());
      [v0.107.1] 			}

  neurosurge-power (v0.103.2→v0.107.1: 6 lines)
    [v0.103.2 → v0.107.1]
      [v0.103.2] 	public override async Task AfterSideTurnStart(CombatSide side, CombatState combatState)
      [v0.103.2] 		if (side == base.Owner.Side)
      [v0.103.2] 			await PowerCmd.Apply<DoomPower>(base.Owner, base.Amount, base.Owner, null);
      [v0.107.1] 	public override async Task AfterSideTurnStart(CombatSide side, IReadOnlyList<Creature> participants, ICombatState combatState)
      [v0.107.1] 		if (participants.Contains(base.Owner))
      [v0.107.1] 			await PowerCmd.Apply<DoomPower>(new ThrowingPlayerChoiceContext(), base.Owner, base.Amount, base.Owner, null);

  nightmare-power (v0.103.2→v0.107.1: 18 lines)
    [v0.103.2 → v0.107.1]
      [v0.103.2] 	public override bool IsInstanced => true;
      [v0.103.2] 	public override async Task BeforeHandDraw(Player player, PlayerChoiceContext choiceContext, CombatState combatState)
      [v0.103.2] 				await CardPileCmd.AddGeneratedCardToCombat(card2, PileType.Hand, addedByPlayer: true);
      [v0.103.2] 		GetInternalData<Data>().selectedCard = card.CreateClone();
      [v0.103.2] 		((StringVar)base.DynamicVars["Card"]).StringValue = card.Title;
      [v0.107.1] 		/// <summary>
      [v0.107.1] 		/// This will be null for the moment after this power is applied but before this is set by Nightmare.OnPlay.
      [v0.107.1] 		/// For all current use cases, this means we should never see this being null.
      [v0.107.1] 		/// However, if we needed to override AfterApplied in here in the future, this would be null in it, so let's
      [v0.107.1] 		/// leave this nullable for future-proofing.
      [v0.107.1] 		/// </summary>
      [v0.107.1] 	public override PowerInstanceType InstanceType => PowerInstanceType.Instanced;
      [v0.107.1] 	public override async Task BeforeHandDraw(Player player, PlayerChoiceContext choiceContext, ICombatState combatState)
      [v0.107.1] 				await CardPileCmd.AddGeneratedCardToCombat(card2, PileType.Hand, base.Owner.Player);
      [v0.107.1] 		CardModel cardModel = card.CreateClone();
      [v0.107.1] 		CardCmd.ClearAffliction(cardModel);
      [v0.107.1] 		GetInternalData<Data>().selectedCard = cardModel;
      [v0.107.1] 		((StringVar)base.DynamicVars["Card"]).StringValue = cardModel.Title;

  no-block-power (v0.103.2→v0.107.1: 2 lines)
    [v0.103.2 → v0.107.1]
      [v0.103.2] 	public override async Task AfterTurnEnd(PlayerChoiceContext choiceContext, CombatSide side)
      [v0.107.1] 	public override async Task AfterSideTurnEnd(PlayerChoiceContext choiceContext, CombatSide side, IEnumerable<Creature> participants)

  no-draw-power (v0.103.2→v0.107.1: 7 lines)
    [v0.103.2 → v0.107.1]
      [v0.103.2] 	public override async Task AfterTurnEnd(PlayerChoiceContext choiceContext, CombatSide side)
      [v0.103.2] 		await PowerCmd.Remove(this);
      [v0.107.1] 	public override async Task AfterSideTurnEnd(PlayerChoiceContext choiceContext, CombatSide side, IEnumerable<Creature> participants)
      [v0.107.1] 		if (participants.Contains(base.Owner))
      [v0.107.1] 		{
      [v0.107.1] 			await PowerCmd.Remove(this);
      [v0.107.1] 		}

  noxious-fumes-power (v0.103.2→v0.107.1: 6 lines)
    [v0.103.2 → v0.107.1]
      [v0.103.2] 	public override async Task AfterSideTurnStart(CombatSide side, CombatState combatState)
      [v0.103.2] 		if (side != base.Owner.Side)
      [v0.103.2] 		await PowerCmd.Apply<PoisonPower>(base.CombatState.HittableEnemies, base.Amount, base.Owner, null);
      [v0.107.1] 	public override async Task AfterSideTurnStart(CombatSide side, IReadOnlyList<Creature> participants, ICombatState combatState)
      [v0.107.1] 		if (!participants.Contains(base.Owner))
      [v0.107.1] 		await PowerCmd.Apply<PoisonPower>(new ThrowingPlayerChoiceContext(), base.CombatState.HittableEnemies, base.Amount, base.Owner, null);

  oblivion-power (v0.103.2→v0.107.1: 12 lines)
    [v0.103.2 → v0.107.1]
      [v0.103.2] 	public override async Task AfterCardPlayed(PlayerChoiceContext context, CardPlay cardPlay)
      [v0.103.2] 			await PowerCmd.Apply<DoomPower>(base.Owner, value, base.Applier, null);
      [v0.103.2] 	public override async Task AfterTurnEnd(PlayerChoiceContext choiceContext, CombatSide side)
      [v0.107.1] 		/// <summary>
      [v0.107.1] 		/// Keep track of the cards we've seen played and the power amount at the time they were played.
      [v0.107.1] 		/// This lets Oblivion avoid triggering on itself.
      [v0.107.1] 		/// </summary>
      [v0.107.1] 	public override PowerInstanceType InstanceType => PowerInstanceType.InstancedPerApplier;
      [v0.107.1] 
      [v0.107.1] 	public override async Task AfterCardPlayed(PlayerChoiceContext choiceContext, CardPlay cardPlay)
      [v0.107.1] 			await PowerCmd.Apply<DoomPower>(choiceContext, base.Owner, value, base.Applier, null);
      [v0.107.1] 	public override async Task AfterSideTurnEnd(PlayerChoiceContext choiceContext, CombatSide side, IEnumerable<Creature> participants)

  one-two-punch-power (v0.103.2→v0.107.1: 4 lines)
    [v0.103.2 → v0.107.1]
      [v0.103.2] 	public override async Task AfterTurnEnd(PlayerChoiceContext choiceContext, CombatSide side)
      [v0.103.2] 		if (side == base.Owner.Side)
      [v0.107.1] 	public override async Task AfterSideTurnEnd(PlayerChoiceContext choiceContext, CombatSide side, IEnumerable<Creature> participants)
      [v0.107.1] 		if (participants.Contains(base.Owner))

  orbit-power (v0.103.2→v0.107.1: 2 lines)
    [v0.103.2 → v0.107.1]
      [v0.103.2] 	public override bool IsInstanced => true;
      [v0.107.1] 	public override PowerInstanceType InstanceType => PowerInstanceType.Instanced;

  outbreak-power (v0.103.2→v0.107.1: 4 lines)
    [v0.103.2 → v0.107.1]
      [v0.103.2] 	public override async Task AfterPowerAmountChanged(PowerModel power, decimal amount, Creature? applier, CardModel? cardSource)
      [v0.103.2] 				await CreatureCmd.Damage(new ThrowingPlayerChoiceContext(), base.Owner.CombatState.HittableEnemies, base.Amount, ValueProp.Unpowered, base.Owner, null);
      [v0.107.1] 	public override async Task AfterPowerAmountChanged(PlayerChoiceContext choiceContext, PowerModel power, decimal amount, Creature? applier, CardModel? cardSource)
      [v0.107.1] 				await CreatureCmd.Damage(choiceContext, base.Owner.CombatState.HittableEnemies, base.Amount, ValueProp.Unpowered, base.Owner, null);

  painful-stabs-power (v0.103.2→v0.107.1: 21 lines)
    [v0.103.2 → v0.107.1]
      [v0.103.2] 	public override async Task AfterAttack(AttackCommand command)
      [v0.103.2] 		if (command.Attacker != base.Owner || command.TargetSide == base.Owner.Side || !command.DamageProps.IsPoweredAttack() || !command.Results.Any((DamageResult r) => r.UnblockedDamage > 0))
      [v0.103.2] 		foreach (DamageResult result in command.Results)
      [v0.103.2] 			if (result.Receiver.IsPlayer)
      [v0.103.2] 				if (!damageResultsByCreature.ContainsKey(result.Receiver))
      [v0.103.2] 					damageResultsByCreature.Add(result.Receiver, new List<DamageResult>());
      [v0.103.2] 				damageResultsByCreature[result.Receiver].Add(result);
      [v0.103.2] 			await CardPileCmd.AddToCombatAndPreview<Wound>(key, PileType.Discard, base.Amount * num, addedByPlayer: false);
      [v0.107.1] 	public override async Task AfterAttack(PlayerChoiceContext choiceContext, AttackCommand command)
      [v0.107.1] 		if (command.Attacker != base.Owner || command.TargetSide == base.Owner.Side || !command.DamageProps.IsPoweredAttack())
      [v0.107.1] 		List<DamageResult> list = command.Results.SelectMany((List<DamageResult> r) => r).ToList();
      [v0.107.1] 		if (!list.Any((DamageResult r) => r.UnblockedDamage > 0))
      [v0.107.1] 		{
      [v0.107.1] 			return;
      [v0.107.1] 		}
      [v0.107.1] 		foreach (DamageResult item in list)
      [v0.107.1] 			if (item.Receiver.IsPlayer)
      [v0.107.1] 				if (!damageResultsByCreature.ContainsKey(item.Receiver))
      [v0.107.1] 					damageResultsByCreature.Add(item.Receiver, new List<DamageResult>());
      [v0.107.1] 				damageResultsByCreature[item.Receiver].Add(item);
      [v0.107.1] 			await CardPileCmd.AddToCombatAndPreview<Wound>(key, PileType.Discard, base.Amount * num, null);

  pale-blue-dot-power (v0.103.2→v0.107.1: 2 lines)
    [v0.103.2 → v0.107.1]
      [v0.103.2] 		int num = CombatManager.Instance.History.CardPlaysFinished.Count((CardPlayFinishedEntry c) => c.RoundNumber == base.CombatState.RoundNumber - 1 && c.CardPlay.Card.Owner == base.Owner.Player);
      [v0.107.1] 		int num = CombatManager.Instance.History.CardPlaysFinished.Count((CardPlayFinishedEntry c) => c.HappenedLastPlayerTurn(player) && c.CardPlay.Card.Owner == base.Owner.Player);

  panache-power (v0.103.2→v0.107.1: 13 lines)
    [v0.103.2 → v0.107.1]
      [v0.103.2] 	public override bool IsInstanced => true;
      [v0.103.2] 	public override async Task AfterCardPlayed(PlayerChoiceContext context, CardPlay cardPlay)
      [v0.103.2] 				await CreatureCmd.Damage(context, base.CombatState.HittableEnemies, base.Amount, ValueProp.Unpowered, base.Owner);
      [v0.103.2] 	public override Task AfterTurnEnd(PlayerChoiceContext choiceContext, CombatSide side)
      [v0.103.2] 		if (side != base.Owner.Side)
      [v0.107.1] 		/// <summary>
      [v0.107.1] 		/// We track this so we don't count the Panache card towards itself.
      [v0.107.1] 		/// </summary>
      [v0.107.1] 	public override PowerInstanceType InstanceType => PowerInstanceType.Instanced;
      [v0.107.1] 	public override async Task AfterCardPlayed(PlayerChoiceContext choiceContext, CardPlay cardPlay)
      [v0.107.1] 				await CreatureCmd.Damage(choiceContext, base.CombatState.HittableEnemies, base.Amount, ValueProp.Unpowered, base.Owner);
      [v0.107.1] 	public override Task AfterSideTurnEnd(PlayerChoiceContext choiceContext, CombatSide side, IEnumerable<Creature> participants)
      [v0.107.1] 		if (!participants.Contains(base.Owner))

  parry-power (v0.103.2→v0.107.1: 13 lines)
    [v0.103.2 → v0.107.1]
      [v0.103.2] 
      [v0.103.2] 	public async Task AfterSovereignBladePlayed(Creature? dealer, IEnumerable<DamageResult> damageResults)
      [v0.103.2] 	{
      [v0.103.2] 		if (dealer != null && dealer == base.Owner)
      [v0.103.2] 		{
      [v0.103.2] 			Flash();
      [v0.103.2] 			await CreatureCmd.GainBlock(dealer, base.Amount, ValueProp.Unpowered, null);
      [v0.103.2] 		}
      [v0.103.2] 	}
      [v0.107.1] /// <summary>
      [v0.107.1] /// This power doesn't actually do anything on its own. Instead, the <see cref="T:MegaCrit.Sts2.Core.Models.Cards.SovereignBlade" /> card checks for its
      [v0.107.1] /// existence and modifies its block.
      [v0.107.1] /// </summary>

  pillar-of-creation-power (v0.103.2→v0.107.1: 4 lines)
    [v0.103.2 → v0.107.1]
      [v0.103.2] 	public override async Task AfterCardGeneratedForCombat(CardModel card, bool addedByPlayer)
      [v0.103.2] 		if (card.Owner == base.Owner.Player && addedByPlayer)
      [v0.107.1] 	public override async Task AfterCardGeneratedForCombat(CardModel card, Player? creator)
      [v0.107.1] 		if (creator != null && creator.Creature == base.Owner)

  plating-power (v0.103.2→v0.107.1: 25 lines)
    [v0.103.2 → v0.107.1]
      [v0.103.2] 	public override Task BeforeSideTurnStart(PlayerChoiceContext choiceContext, CombatSide side, CombatState combatState)
      [v0.103.2] 		if (combatState.RoundNumber != 1)
      [v0.103.2] 	public override async Task BeforeTurnEndEarly(PlayerChoiceContext choiceContext, CombatSide side)
      [v0.103.2] 		if (side == base.Owner.Side)
      [v0.103.2] 	public override async Task AfterTurnEnd(PlayerChoiceContext choiceContext, CombatSide side)
      [v0.103.2] 		if (side == CombatSide.Enemy)
      [v0.103.2] 				await PowerCmd.ModifyAmount(this, -base.DynamicVars["Decrement"].BaseValue, null, null);
      [v0.107.1] 	/// <summary>
      [v0.107.1] 	/// We want enemies that start with Plating to also start combat with block.
      [v0.107.1] 	/// </summary>
      [v0.107.1] 	public override Task BeforeSideTurnStart(PlayerChoiceContext choiceContext, CombatSide side, IReadOnlyList<Creature> participants, ICombatState combatState)
      [v0.107.1] 		if (combatState.RoundNumber > 1)
      [v0.107.1] 	/// <summary>
      [v0.107.1] 	/// We do this in early so that it triggers before end-of-turn damage effects.
      [v0.107.1] 	/// </summary>
      [v0.107.1] 	public override async Task BeforeSideTurnEndEarly(PlayerChoiceContext choiceContext, CombatSide side, IEnumerable<Creature> participants)
      [v0.107.1] 		if (participants.Contains(base.Owner))
      [v0.107.1] 	public override async Task AfterSideTurnStart(CombatSide side, IReadOnlyList<Creature> participants, ICombatState combatState)
      [v0.107.1] 		if (participants.Contains(base.Owner) && (base.Owner.Player == null || base.Owner.Player.PlayerCombatState.TurnNumber != 1) && (base.Owner.Side != CombatSide.Enemy || combatState.RoundNumber != 1))
      [v0.107.1] 				await PowerCmd.ModifyAmount(new ThrowingPlayerChoiceContext(), this, -base.DynamicVars["Decrement"].BaseValue, null, null);
      [v0.107.1] 	}
      [v0.107.1] 
      [v0.107.1] 	public override decimal GetScaledAmountForMultiplayer(ICombatState combatState, Creature? applier, decimal amount, Creature target, CardModel? cardSource)
      [v0.107.1] 	{
      [v0.107.1] 		return (decimal)((combatState.Players.Count - 1) * 2 + 1) * amount;

  plow-power (v0.103.2→v0.107.1: 27 lines)
    [v0.103.2 → v0.107.1]
      [v0.103.2] 		if (target == base.Owner && result.UnblockedDamage > 0 && target.CurrentHp <= base.Amount)
      [v0.103.2] 			Flash();
      [v0.103.2] 			CeremonialBeast monster = (CeremonialBeast)base.Owner.Monster;
      [v0.103.2] 			await PowerCmd.Remove<StrengthPower>(base.Owner);
      [v0.103.2] 			await monster.SetStunned();
      [v0.103.2] 			await CreatureCmd.Stun(base.Owner, monster.StunnedMove, monster.BeastCryState.StateId);
      [v0.103.2] 			await PowerCmd.Remove(this);
      [v0.107.1] 		if (target != base.Owner || result.UnblockedDamage <= 0 || target.CurrentHp > base.Amount)
      [v0.107.1] 			return;
      [v0.107.1] 		Flash();
      [v0.107.1] 		List<TemporaryStrengthPower> list = base.Owner.GetPowerInstances<TemporaryStrengthPower>().ToList();
      [v0.107.1] 		foreach (TemporaryStrengthPower item in list)
      [v0.107.1] 		{
      [v0.107.1] 			await PowerCmd.Remove(item);
      [v0.107.1] 		}
      [v0.107.1] 		await PowerCmd.Remove<StrengthPower>(base.Owner);
      [v0.107.1] 		MonsterModel monster = base.Owner.Monster;
      [v0.107.1] 		if (monster is CeremonialBeast ceremonialBeast)
      [v0.107.1] 		{
      [v0.107.1] 			await ceremonialBeast.SetStunned();
      [v0.107.1] 			await CreatureCmd.Stun(base.Owner, ceremonialBeast.StunnedMove, ceremonialBeast.BeastCryState.StateId);
      [v0.107.1] 		}
      [v0.107.1] 		else
      [v0.107.1] 		{
      [v0.107.1] 			await CreatureCmd.Stun(base.Owner);
      [v0.107.1] 		}
      [v0.107.1] 		await PowerCmd.Remove(this);

  poison-power (v0.103.2→v0.107.1: 10 lines)
    [v0.103.2 → v0.107.1]
      [v0.107.1] 	/// <summary>
      [v0.107.1] 	/// <see cref="T:MegaCrit.Sts2.Core.Models.Powers.AccelerantPower" /> makes Poison trigger extra times, but it should never trigger more times than the
      [v0.107.1] 	/// amount of Poison we have.
      [v0.107.1] 	/// Since the power is applied to players, enemy creatures need to look to them (their opponents) to figure out the
      [v0.107.1] 	/// trigger count.
      [v0.107.1] 	/// </summary>
      [v0.103.2] 	public override async Task AfterSideTurnStart(CombatSide side, CombatState combatState)
      [v0.103.2] 		if (side != base.Owner.Side)
      [v0.107.1] 	public override async Task AfterSideTurnStart(CombatSide side, IReadOnlyList<Creature> participants, ICombatState combatState)
      [v0.107.1] 		if (!participants.Contains(base.Owner))

  possess-speed-power (v0.103.2→v0.107.1: 4 lines)
    [v0.103.2 → v0.107.1]
      [v0.103.2] 	public override Task AfterPowerAmountChanged(PowerModel power, decimal amount, Creature? applier, CardModel? cardSource)
      [v0.107.1] 	public override Task AfterPowerAmountChanged(PlayerChoiceContext choiceContext, PowerModel power, decimal amount, Creature? applier, CardModel? cardSource)
      [v0.103.2] 			await PowerCmd.Apply<DexterityPower>(item.Key, -item.Value, null, null);
      [v0.107.1] 			await PowerCmd.Apply<DexterityPower>(choiceContext, item.Key, -item.Value, null, null);

  possess-strength-power (v0.103.2→v0.107.1: 4 lines)
    [v0.103.2 → v0.107.1]
      [v0.103.2] 	public override Task AfterPowerAmountChanged(PowerModel power, decimal amount, Creature? applier, CardModel? cardSource)
      [v0.107.1] 	public override Task AfterPowerAmountChanged(PlayerChoiceContext choiceContext, PowerModel power, decimal amount, Creature? applier, CardModel? cardSource)
      [v0.103.2] 			await PowerCmd.Apply<StrengthPower>(item.Key, -item.Value, null, null);
      [v0.107.1] 			await PowerCmd.Apply<StrengthPower>(choiceContext, item.Key, -item.Value, null, null);

  prep-time-power (v0.103.2→v0.107.1: 6 lines)
    [v0.103.2 → v0.107.1]
      [v0.103.2] 	public override async Task AfterSideTurnStart(CombatSide side, CombatState combatState)
      [v0.103.2] 		if (side == base.Owner.Side)
      [v0.103.2] 			await PowerCmd.Apply<VigorPower>(base.Owner, base.Amount, base.Owner, null);
      [v0.107.1] 	public override async Task AfterSideTurnStart(CombatSide side, IReadOnlyList<Creature> participants, ICombatState combatState)
      [v0.107.1] 		if (participants.Contains(base.Owner))
      [v0.107.1] 			await PowerCmd.Apply<VigorPower>(new ThrowingPlayerChoiceContext(), base.Owner, base.Amount, base.Owner, null);

  rage-power (v0.103.2→v0.107.1: 6 lines)
    [v0.103.2 → v0.107.1]
      [v0.103.2] 	public override async Task AfterCardPlayed(PlayerChoiceContext context, CardPlay cardPlay)
      [v0.103.2] 	public override async Task AfterTurnEnd(PlayerChoiceContext choiceContext, CombatSide side)
      [v0.103.2] 		if (side == base.Owner.Side)
      [v0.107.1] 	public override async Task AfterCardPlayed(PlayerChoiceContext choiceContext, CardPlay cardPlay)
      [v0.107.1] 	public override async Task AfterSideTurnEnd(PlayerChoiceContext choiceContext, CombatSide side, IEnumerable<Creature> participants)
      [v0.107.1] 		if (participants.Contains(base.Owner))

  rampart-power (v0.103.2→v0.107.1: 4 lines)
    [v0.103.2 → v0.107.1]
      [v0.103.2] 	public override async Task AfterSideTurnStart(CombatSide side, CombatState combatState)
      [v0.103.2] 		if (side != CombatSide.Player)
      [v0.107.1] 	public override async Task AfterSideTurnStart(CombatSide side, IReadOnlyList<Creature> participants, ICombatState combatState)
      [v0.107.1] 		if (side != CombatSide.Player || CombatManager.Instance.PlayersTakingExtraTurn.Count > 0)

  ravenous-power (v0.103.2→v0.107.1: 2 lines)
    [v0.103.2 → v0.107.1]
      [v0.103.2] 			await PowerCmd.Apply<StrengthPower>(base.Owner, base.Amount, base.Owner, null);
      [v0.107.1] 			await PowerCmd.Apply<StrengthPower>(choiceContext, base.Owner, base.Amount, base.Owner, null);

  reaper-form-power (v0.103.2→v0.107.1: 2 lines)
    [v0.103.2 → v0.107.1]
      [v0.103.2] 			await PowerCmd.Apply<DoomPower>(target, result.TotalDamage * base.Amount, base.Owner, null);
      [v0.107.1] 			await PowerCmd.Apply<DoomPower>(choiceContext, target, result.TotalDamage * base.Amount, base.Owner, null);

  reattach-power (v0.103.2→v0.107.1: 13 lines)
    [v0.103.2 → v0.107.1]
      [v0.107.1] 	/// <summary>
      [v0.107.1] 	/// Executed when Decimillipede Segment is reattaching at the end of its turn.
      [v0.107.1] 	/// </summary>
      [v0.107.1] 	/// <summary>
      [v0.107.1] 	/// This is so the Decimillipede Segment doesn't receive powers while it is reviving
      [v0.107.1] 	/// </summary>
      [v0.103.2] 		float val = 0f;
      [v0.103.2] 				val = Math.Max(val, nCreature.GetCurrentAnimationLength());
      [v0.103.2] 		parent.MoveChild(nMonsterDeathVfx, list[0].GetIndex());
      [v0.107.1] 	/// <summary>
      [v0.107.1] 	/// Killing Decimillipede Segment shouldn't trigger fatal unless all other segments are dead too.
      [v0.107.1] 	/// </summary>
      [v0.107.1] 		parent.MoveChildSafely(nMonsterDeathVfx, list[0].GetIndex());

  rebound-power (v0.103.2→v0.107.1: 4 lines)
    [v0.103.2 → v0.107.1]
      [v0.103.2] 	public override async Task AfterTurnEnd(PlayerChoiceContext choiceContext, CombatSide side)
      [v0.103.2] 		if (side == base.Owner.Side)
      [v0.107.1] 	public override async Task AfterSideTurnEnd(PlayerChoiceContext choiceContext, CombatSide side, IEnumerable<Creature> participants)
      [v0.107.1] 		if (participants.Contains(base.Owner))

  reflect-power (v0.103.2→v0.107.1: 4 lines)
    [v0.103.2 → v0.107.1]
      [v0.103.2] 	public override async Task AfterSideTurnStart(CombatSide side, CombatState combatState)
      [v0.103.2] 		if (side == base.Owner.Side)
      [v0.107.1] 	public override async Task AfterSideTurnStart(CombatSide side, IReadOnlyList<Creature> participants, ICombatState combatState)
      [v0.107.1] 		if (participants.Contains(base.Owner))

  regen-power (v0.103.2→v0.107.1: 4 lines)
    [v0.103.2 → v0.107.1]
      [v0.103.2] 	public override async Task AfterTurnEnd(PlayerChoiceContext choiceContext, CombatSide side)
      [v0.103.2] 		if (side == base.Owner.Side && !base.Owner.IsDead)
      [v0.107.1] 	public override async Task AfterSideTurnEnd(PlayerChoiceContext choiceContext, CombatSide side, IEnumerable<Creature> participants)
      [v0.107.1] 		if (participants.Contains(base.Owner) && !base.Owner.IsDead)

  retain-hand-power (v0.103.2→v0.107.1: 4 lines)
    [v0.103.2 → v0.107.1]
      [v0.103.2] 	public override async Task AfterTurnEnd(PlayerChoiceContext choiceContext, CombatSide side)
      [v0.103.2] 		if (side == base.Owner.Side)
      [v0.107.1] 	public override async Task AfterSideTurnEnd(PlayerChoiceContext choiceContext, CombatSide side, IEnumerable<Creature> participants)
      [v0.107.1] 		if (participants.Contains(base.Owner))

  ringing-power (v0.103.2→v0.107.1: 4 lines)
    [v0.103.2 → v0.107.1]
      [v0.103.2] 	public override async Task AfterTurnEnd(PlayerChoiceContext choiceContext, CombatSide side)
      [v0.103.2] 		if (side == base.Owner.Side)
      [v0.107.1] 	public override async Task AfterSideTurnEnd(PlayerChoiceContext choiceContext, CombatSide side, IEnumerable<Creature> participants)
      [v0.107.1] 		if (participants.Contains(base.Owner))

  ritual-power (v0.103.2→v0.107.1: 6 lines)
    [v0.103.2 → v0.107.1]
      [v0.103.2] 	public override async Task AfterTurnEnd(PlayerChoiceContext choiceContext, CombatSide side)
      [v0.103.2] 		if (side == base.Owner.Side)
      [v0.103.2] 			await PowerCmd.Apply<StrengthPower>(base.Owner, base.Amount, base.Owner, null);
      [v0.107.1] 	public override async Task AfterSideTurnEnd(PlayerChoiceContext choiceContext, CombatSide side, IEnumerable<Creature> participants)
      [v0.107.1] 		if (participants.Contains(base.Owner))
      [v0.107.1] 			await PowerCmd.Apply<StrengthPower>(choiceContext, base.Owner, base.Amount, base.Owner, null);

  rupture-power (v0.103.2→v0.107.1: 6 lines)
    [v0.103.2 → v0.107.1]
      [v0.103.2] 				await PowerCmd.Apply<StrengthPower>(base.Owner, base.Amount, base.Owner, null);
      [v0.103.2] 	public override async Task AfterCardPlayed(PlayerChoiceContext context, CardPlay cardPlay)
      [v0.103.2] 			await PowerCmd.Apply<StrengthPower>(base.Owner, value, base.Owner, null);
      [v0.107.1] 				await PowerCmd.Apply<StrengthPower>(choiceContext, base.Owner, base.Amount, base.Owner, null);
      [v0.107.1] 	public override async Task AfterCardPlayed(PlayerChoiceContext choiceContext, CardPlay cardPlay)
      [v0.107.1] 			await PowerCmd.Apply<StrengthPower>(choiceContext, base.Owner, value, base.Owner, null);

  seeking-edge-power (v0.103.2→v0.107.1: 4 lines)
    [v0.103.2 → v0.107.1]
      [v0.107.1] /// <summary>
      [v0.107.1] /// This power doesn't actually do anything on its own. Instead, Sovereign blade cards checks for this power and
      [v0.107.1] /// and changes its behavior based off of that
      [v0.107.1] /// </summary>

  self-forming-clay-power (v0.103.2→v0.107.1: 2 lines)
    [v0.103.2 → v0.107.1]
      [v0.103.2] 	protected override IEnumerable<IHoverTip> ExtraHoverTips => new IHoverTip[1] { HoverTipFactory.Static(StaticHoverTip.Block) };
      [v0.107.1] 	protected override IEnumerable<IHoverTip> ExtraHoverTips => new global::_003C_003Ez__ReadOnlySingleElementList<IHoverTip>(HoverTipFactory.Static(StaticHoverTip.Block));

  sentry-mode-power (v0.103.2→v0.107.1: 4 lines)
    [v0.103.2 → v0.107.1]
      [v0.103.2] 	public override async Task BeforeHandDraw(Player player, PlayerChoiceContext choiceContext, CombatState combatState)
      [v0.103.2] 				await CardPileCmd.AddGeneratedCardToCombat(card, PileType.Hand, addedByPlayer: true);
      [v0.107.1] 	public override async Task BeforeHandDraw(Player player, PlayerChoiceContext choiceContext, ICombatState combatState)
      [v0.107.1] 				await CardPileCmd.AddGeneratedCardToCombat(card, PileType.Hand, base.Owner.Player);

  serpent-form-power (v0.103.2→v0.107.1: 9 lines)
    [v0.103.2 → v0.107.1]
      [v0.107.1] 		/// <summary>
      [v0.107.1] 		/// Keep track of the cards we've seen played and the power amount at the time they were played.
      [v0.107.1] 		/// This lets Serpent Form avoid triggering on cards that started play before it was applied, and avoid
      [v0.107.1] 		/// dealing extra damage on multiple plays of Serpent Form.
      [v0.107.1] 		/// </summary>
      [v0.103.2] 	public override async Task AfterCardPlayed(PlayerChoiceContext context, CardPlay cardPlay)
      [v0.103.2] 				await CreatureCmd.Damage(context, creature, damage, ValueProp.Unpowered, base.Owner);
      [v0.107.1] 	public override async Task AfterCardPlayed(PlayerChoiceContext choiceContext, CardPlay cardPlay)
      [v0.107.1] 				await CreatureCmd.Damage(choiceContext, creature, damage, ValueProp.Unpowered, base.Owner);

  shadow-step-power (v0.103.2→v0.107.1: 6 lines)
    [v0.103.2 → v0.107.1]
      [v0.103.2] 	public override async Task AfterSideTurnStart(CombatSide side, CombatState combatState)
      [v0.103.2] 		if (side == CombatSide.Player)
      [v0.103.2] 			await PowerCmd.Apply<DoubleDamagePower>(base.Owner, base.Amount, base.Owner, null);
      [v0.107.1] 	public override async Task AfterSideTurnStart(CombatSide side, IReadOnlyList<Creature> participants, ICombatState combatState)
      [v0.107.1] 		if (participants.Contains(base.Owner))
      [v0.107.1] 			await PowerCmd.Apply<DoubleDamagePower>(new ThrowingPlayerChoiceContext(), base.Owner, base.Amount, base.Owner, null);

  shadowmeld-power (v0.103.2→v0.107.1: 4 lines)
    [v0.103.2 → v0.107.1]
      [v0.103.2] 	public override async Task AfterTurnEnd(PlayerChoiceContext choiceContext, CombatSide side)
      [v0.103.2] 		if (side == base.Owner.Side)
      [v0.107.1] 	public override async Task AfterSideTurnEnd(PlayerChoiceContext choiceContext, CombatSide side, IEnumerable<Creature> participants)
      [v0.107.1] 		if (participants.Contains(base.Owner))

  shrink-power (v0.103.2→v0.107.1: 22 lines)
    [v0.103.2 → v0.107.1]
      [v0.103.2] 		NCombatRoom.Instance?.GetCreatureNode(base.Owner)?.ScaleTo(0.5f, 0.75f);
      [v0.103.2] 		NCombatRoom.Instance?.GetCreatureNode(oldOwner)?.ScaleTo(1f, 0.75f);
      [v0.103.2] 	public override async Task AfterTurnEnd(PlayerChoiceContext choiceContext, CombatSide side)
      [v0.103.2] 		if (!IsInfinite && side == base.Owner.Side)
      [v0.107.1] 		if (base.Owner.Monster is Vantom vantom)
      [v0.107.1] 		{
      [v0.107.1] 			vantom.ScaleTo(0.5f, 0.75f);
      [v0.107.1] 		}
      [v0.107.1] 		else
      [v0.107.1] 		{
      [v0.107.1] 			NCombatRoom.Instance?.GetCreatureNode(base.Owner)?.ScaleTo(0.5f, 0.75);
      [v0.107.1] 		}
      [v0.107.1] 		if (oldOwner.Monster is Vantom vantom)
      [v0.107.1] 		{
      [v0.107.1] 			vantom.ScaleTo(1f, 0.75f);
      [v0.107.1] 		}
      [v0.107.1] 		else
      [v0.107.1] 		{
      [v0.107.1] 			NCombatRoom.Instance?.GetCreatureNode(oldOwner)?.ScaleTo(1f, 0.75);
      [v0.107.1] 		}
      [v0.107.1] 	public override async Task AfterSideTurnEnd(PlayerChoiceContext choiceContext, CombatSide side, IEnumerable<Creature> participants)
      [v0.107.1] 		if (!IsInfinite && participants.Contains(base.Owner))

  shroud-power (v0.103.2→v0.107.1: 2 lines)
    [v0.103.2 → v0.107.1]
      [v0.103.2] 	public override async Task AfterPowerAmountChanged(PowerModel power, decimal amount, Creature? applier, CardModel? cardSource)
      [v0.107.1] 	public override async Task AfterPowerAmountChanged(PlayerChoiceContext choiceContext, PowerModel power, decimal amount, Creature? applier, CardModel? cardSource)

  sic-em-power (v0.103.2→v0.107.1: 4 lines)
    [v0.103.2 → v0.107.1]
      [v0.103.2] 	public override async Task AfterTurnEnd(PlayerChoiceContext choiceContext, CombatSide side)
      [v0.103.2] 		if (side == base.Owner.Side)
      [v0.107.1] 	public override async Task AfterSideTurnEnd(PlayerChoiceContext choiceContext, CombatSide side, IEnumerable<Creature> participants)
      [v0.107.1] 		if (participants.Contains(base.Owner))

  skittish-power (v0.103.2→v0.107.1: 15 lines)
    [v0.103.2 → v0.107.1]
      [v0.107.1] 		/// <summary>
      [v0.107.1] 		/// Has the owner gained block from Skittish this turn?
      [v0.107.1] 		/// Skittish should only trigger once per turn, so we can skip when this is true.
      [v0.107.1] 		/// </summary>
      [v0.103.2] 	public override async Task AfterAttack(AttackCommand command)
      [v0.103.2] 			DamageResult damageResult = command.Results.FirstOrDefault((DamageResult r) => r.Receiver == base.Owner);
      [v0.103.2] 	public override async Task AfterTurnEnd(PlayerChoiceContext choiceContext, CombatSide side)
      [v0.107.1] 	public override async Task AfterAttack(PlayerChoiceContext choiceContext, AttackCommand command)
      [v0.107.1] 			DamageResult damageResult = command.Results.SelectMany((List<DamageResult> r) => r).FirstOrDefault((DamageResult r) => r.Receiver == base.Owner);
      [v0.107.1] 	public override async Task AfterSideTurnEnd(PlayerChoiceContext choiceContext, CombatSide side, IEnumerable<Creature> participants)
      [v0.107.1] 	}
      [v0.107.1] 
      [v0.107.1] 	public override decimal GetScaledAmountForMultiplayer(ICombatState combatState, Creature? applier, decimal amount, Creature target, CardModel? cardSource)
      [v0.107.1] 	{
      [v0.107.1] 		return amount * (1m + (decimal)(combatState.Players.Count - 1) * 0.5m);

  sleight-of-flesh-power (v0.103.2→v0.107.1: 4 lines)
    [v0.103.2 → v0.107.1]
      [v0.103.2] 	public override async Task AfterPowerAmountChanged(PowerModel power, decimal amount, Creature? applier, CardModel? cardSource)
      [v0.103.2] 			await CreatureCmd.Damage(new ThrowingPlayerChoiceContext(), power.Owner, base.Amount, ValueProp.Unpowered, base.Owner, null);
      [v0.107.1] 	public override async Task AfterPowerAmountChanged(PlayerChoiceContext choiceContext, PowerModel power, decimal amount, Creature? applier, CardModel? cardSource)
      [v0.107.1] 			await CreatureCmd.Damage(choiceContext, power.Owner, base.Amount, ValueProp.Unpowered, base.Owner, null);

  slippery-power (v0.103.2→v0.107.1: 15 lines)
    [v0.103.2 → v0.107.1]
      [v0.103.2] 	public override decimal ModifyDamageCap(Creature? target, ValueProp props, Creature? dealer, CardModel? cardSource)
      [v0.103.2] 			return decimal.MaxValue;
      [v0.103.2] 		if (target == base.Owner && result.TotalDamage != 0)
      [v0.107.1] 	public override decimal ModifyHpLostAfterOsty(Creature target, decimal amount, ValueProp props, Creature? dealer, CardModel? cardSource)
      [v0.107.1] 			return amount;
      [v0.107.1] 		if (amount < 1m)
      [v0.107.1] 		{
      [v0.107.1] 			return amount;
      [v0.107.1] 		}
      [v0.107.1] 		if (target == base.Owner && result.UnblockedDamage >= 1)
      [v0.107.1] 	}
      [v0.107.1] 
      [v0.107.1] 	public override decimal GetScaledAmountForMultiplayer(ICombatState combatState, Creature? applier, decimal amount, Creature target, CardModel? cardSource)
      [v0.107.1] 	{
      [v0.107.1] 		return amount * (decimal)combatState.Players.Count;

  sloth-power (v0.103.2→v0.107.1: 4 lines)
    [v0.103.2 → v0.107.1]
      [v0.103.2] 	public override Task BeforeSideTurnStart(PlayerChoiceContext choiceContext, CombatSide side, CombatState combatState)
      [v0.103.2] 		if (side != base.Owner.Side)
      [v0.107.1] 	public override Task BeforeSideTurnStart(PlayerChoiceContext choiceContext, CombatSide side, IReadOnlyList<Creature> participants, ICombatState combatState)
      [v0.107.1] 		if (!participants.Contains(base.Owner))

  slow-power (v0.103.2→v0.107.1: 6 lines)
    [v0.103.2 → v0.107.1]
      [v0.103.2] 	public override Task AfterCardPlayed(PlayerChoiceContext context, CardPlay cardPlay)
      [v0.107.1] 	public override Task AfterCardPlayed(PlayerChoiceContext choiceContext, CardPlay cardPlay)
      [v0.103.2] 	public override Task AfterSideTurnStart(CombatSide side, CombatState combatState)
      [v0.103.2] 		if (side != base.Owner.Side)
      [v0.107.1] 	public override Task AfterSideTurnStart(CombatSide side, IReadOnlyList<Creature> participants, ICombatState combatState)
      [v0.107.1] 		if (!participants.Contains(base.Owner))

  slumber-power (v0.103.2→v0.107.1: 4 lines)
    [v0.103.2 → v0.107.1]
      [v0.103.2] 	public override async Task AfterTurnEnd(PlayerChoiceContext choiceContext, CombatSide side)
      [v0.103.2] 		if (side == base.Owner.Side)
      [v0.107.1] 	public override async Task AfterSideTurnEnd(PlayerChoiceContext choiceContext, CombatSide side, IEnumerable<Creature> participants)
      [v0.107.1] 		if (participants.Contains(base.Owner))

  smoggy-power (v0.103.2→v0.107.1: 6 lines)
    [v0.103.2 → v0.107.1]
      [v0.103.2] 	public override async Task AfterCardPlayed(PlayerChoiceContext context, CardPlay cardPlay)
      [v0.107.1] 	public override async Task AfterCardPlayed(PlayerChoiceContext choiceContext, CardPlay cardPlay)
      [v0.103.2] 	public override Task AfterTurnEnd(PlayerChoiceContext choiceContext, CombatSide side)
      [v0.103.2] 		if (side != base.Owner.Side)
      [v0.107.1] 	public override Task AfterSideTurnEnd(PlayerChoiceContext choiceContext, CombatSide side, IEnumerable<Creature> participants)
      [v0.107.1] 		if (!participants.Contains(base.Owner))

  sneaky-power (v0.103.2→v0.107.1: 2 lines)
    [v0.103.2 → v0.107.1]
      [v0.103.2] 	public override async Task AfterCardPlayed(PlayerChoiceContext context, CardPlay cardPlay)
      [v0.107.1] 	public override async Task AfterCardPlayed(PlayerChoiceContext choiceContext, CardPlay cardPlay)

  spectrum-shift-power (v0.103.2→v0.107.1: 4 lines)
    [v0.103.2 → v0.107.1]
      [v0.103.2] 	public override async Task BeforeHandDraw(Player player, PlayerChoiceContext choiceContext, CombatState combatState)
      [v0.103.2] 			await CardPileCmd.AddGeneratedCardsToCombat(cards, PileType.Hand, addedByPlayer: true);
      [v0.107.1] 	public override async Task BeforeHandDraw(Player player, PlayerChoiceContext choiceContext, ICombatState combatState)
      [v0.107.1] 			await CardPileCmd.AddGeneratedCardsToCombat(cards, PileType.Hand, base.Owner.Player);

  storm-power (v0.103.2→v0.107.1: 9 lines)
    [v0.103.2 → v0.107.1]
      [v0.107.1] 		/// <summary>
      [v0.107.1] 		/// Keep track of the Power cards we've seen played and the power amount at the time they were played.
      [v0.107.1] 		/// This lets Storm avoid triggering on cards that started play before it was applied, and avoid channeling
      [v0.107.1] 		/// extra lightning on multiple plays of Storm.
      [v0.107.1] 		/// </summary>
      [v0.103.2] 	public override async Task AfterCardPlayed(PlayerChoiceContext context, CardPlay cardPlay)
      [v0.103.2] 				await OrbCmd.Channel<LightningOrb>(context, base.Owner.Player);
      [v0.107.1] 	public override async Task AfterCardPlayed(PlayerChoiceContext choiceContext, CardPlay cardPlay)
      [v0.107.1] 				await OrbCmd.Channel<LightningOrb>(choiceContext, base.Owner.Player);

  strangle-power (v0.103.2→v0.107.1: 25 lines)
    [v0.103.2 → v0.107.1]
      [v0.103.2] 	public override async Task AfterCardPlayed(PlayerChoiceContext context, CardPlay cardPlay)
      [v0.103.2] 			await CreatureCmd.Damage(context, base.Owner, value, ValueProp.Unblockable | ValueProp.Unpowered, null, null);
      [v0.103.2] 	public override async Task AfterTurnEnd(PlayerChoiceContext choiceContext, CombatSide side)
      [v0.103.2] 		await PowerCmd.Remove(this);
      [v0.107.1] 		/// <summary>
      [v0.107.1] 		/// Keep track of the cards we've seen played and the power amount at the time they were played.
      [v0.107.1] 		/// This lets Strangle avoid triggering on itself, especially when stacking.
      [v0.107.1] 		/// </summary>
      [v0.107.1] 	public override PowerInstanceType InstanceType => PowerInstanceType.InstancedPerApplier;
      [v0.107.1] 
      [v0.107.1] 		if (base.Applier?.Player == null)
      [v0.107.1] 		{
      [v0.107.1] 			return Task.CompletedTask;
      [v0.107.1] 		}
      [v0.107.1] 		if (cardPlay.Card.Owner != base.Applier.Player)
      [v0.107.1] 		{
      [v0.107.1] 			return Task.CompletedTask;
      [v0.107.1] 		}
      [v0.107.1] 	public override async Task AfterCardPlayed(PlayerChoiceContext choiceContext, CardPlay cardPlay)
      [v0.107.1] 			await CreatureCmd.Damage(choiceContext, base.Owner, value, ValueProp.Unblockable | ValueProp.Unpowered, null, null);
      [v0.107.1] 	public override async Task AfterSideTurnEnd(PlayerChoiceContext choiceContext, CombatSide side, IEnumerable<Creature> participants)
      [v0.107.1] 		if (participants.Contains(base.Owner))
      [v0.107.1] 		{
      [v0.107.1] 			await PowerCmd.Remove(this);
      [v0.107.1] 		}

  stratagem-power (v0.103.2→v0.107.1: 4 lines)
    [v0.103.2 → v0.107.1]
      [v0.103.2] 		foreach (CardModel item in await CardSelectCmd.FromSimpleGrid(choiceContext, (from c in PileType.Draw.GetPile(base.Owner.Player).Cards
      [v0.103.2] 			orderby c.Rarity, c.Id
      [v0.103.2] 			select c).ToList(), base.Owner.Player, new CardSelectorPrefs(base.SelectionScreenPrompt, base.Amount)))
      [v0.107.1] 		foreach (CardModel item in await CardSelectCmd.FromCombatPile(choiceContext, PileType.Draw.GetPile(base.Owner.Player), base.Owner.Player, new CardSelectorPrefs(base.SelectionScreenPrompt, base.Amount)))

  subroutine-power (v0.103.2→v0.107.1: 7 lines)
    [v0.103.2 → v0.107.1]
      [v0.107.1] 		/// <summary>
      [v0.107.1] 		/// Keep track of the Power cards we've seen played and the power amount at the time they were played.
      [v0.107.1] 		/// This lets SubroutinePower avoid triggering on cards that started play before it was applied, and avoid
      [v0.107.1] 		/// granting extra energy on multiple plays of Subroutine.
      [v0.107.1] 		/// </summary>
      [v0.103.2] 	public override async Task AfterCardPlayed(PlayerChoiceContext context, CardPlay cardPlay)
      [v0.107.1] 	public override async Task AfterCardPlayed(PlayerChoiceContext choiceContext, CardPlay cardPlay)

  suck-power (v0.103.2→v0.107.1: 21 lines)
    [v0.103.2 → v0.107.1]
      [v0.103.2] 	public override async Task AfterAttack(AttackCommand command)
      [v0.103.2] 		List<DamageResult> list = command.Results.ToList();
      [v0.103.2] 		List<DamageResult> list2 = list.Where((DamageResult r) => r.Receiver.IsPet).ToList();
      [v0.103.2] 		foreach (DamageResult petHit in list2)
      [v0.103.2] 			list.RemoveAll((DamageResult r) => r.Receiver == petHit.Receiver.PetOwner?.Creature);
      [v0.103.2] 		int num = list.Count((DamageResult r) => r.UnblockedDamage > 0);
      [v0.103.2] 			await PowerCmd.Apply<StrengthPower>(base.Owner, base.Amount * num, base.Owner, null);
      [v0.107.1] 	public override async Task AfterAttack(PlayerChoiceContext choiceContext, AttackCommand command)
      [v0.107.1] 		List<List<DamageResult>> list = command.Results.ToList();
      [v0.107.1] 		int num = 0;
      [v0.107.1] 		foreach (List<DamageResult> item in list)
      [v0.107.1] 			List<DamageResult> list2 = item.Where((DamageResult r) => r.Receiver.IsPet).ToList();
      [v0.107.1] 			foreach (DamageResult petHit in list2)
      [v0.107.1] 			{
      [v0.107.1] 				item.RemoveAll((DamageResult r) => r.Receiver == petHit.Receiver.PetOwner?.Creature);
      [v0.107.1] 			}
      [v0.107.1] 			if (item.Any((DamageResult r) => r.UnblockedDamage > 0))
      [v0.107.1] 			{
      [v0.107.1] 				num++;
      [v0.107.1] 			}
      [v0.107.1] 			await PowerCmd.Apply<StrengthPower>(choiceContext, base.Owner, base.Amount * num, base.Owner, null);

  surprise-power (v0.103.2→v0.107.1: 9 lines)
    [v0.103.2 → v0.107.1]
      [v0.103.2] 			await PowerCmd.Apply(heistPower, fatGremlin, powerInstance.DynamicVars.Gold.IntValue, base.Owner, null);
      [v0.107.1] 		int totalStolen = 0;
      [v0.107.1] 			int intValue = powerInstance.DynamicVars.Gold.IntValue;
      [v0.107.1] 			totalStolen += intValue;
      [v0.107.1] 			await PowerCmd.Apply(choiceContext, heistPower, fatGremlin, intValue, base.Owner, null);
      [v0.107.1] 		}
      [v0.107.1] 		if (totalStolen > 0 && base.CombatState.Encounter is GremlinMercNormal gremlinMercNormal)
      [v0.107.1] 		{
      [v0.107.1] 			gremlinMercNormal.MarkGoldStolen();

  surrounded-power (v0.103.2→v0.107.1: 6 lines)
    [v0.103.2 → v0.107.1]
      [v0.107.1] 	private const string _kaiserCrabDirectionCustomTrackName = "kaiser_crab_direction";
      [v0.107.1] 
      [v0.107.1] 		}
      [v0.107.1] 		if (LocalContext.GetMe(base.Owner.CombatState) == base.Owner.Player)
      [v0.107.1] 		{
      [v0.107.1] 			NRunMusicController.Instance?.UpdateMusicParameter("kaiser_crab_direction", (Facing == Direction.Left) ? 1 : 2);

  swipe-power (v0.103.2→v0.107.1: 4 lines)
    [v0.103.2 → v0.107.1]
      [v0.103.2] 	public override bool IsInstanced => true;
      [v0.107.1] 	public override PowerInstanceType InstanceType => PowerInstanceType.Instanced;
      [v0.107.1] 		runState.CurrentMapPointHistoryEntry?.GetEntry(base.Target.Player.NetId).MarkLootReturned();
      [v0.107.1] 			card.Owner.RunState.CurrentMapPointHistoryEntry?.GetEntry(card.Owner.NetId).MarkLootStolen();

  tag-team-power (v0.103.2→v0.107.1: 19 lines)
    [v0.103.2 → v0.107.1]
      [v0.103.2] 	private const string _applierTag = "Applier";
      [v0.103.2] 
      [v0.103.2] 	public override bool IsInstanced => true;
      [v0.103.2] 	protected override IEnumerable<DynamicVar> CanonicalVars => new global::_003C_003Ez__ReadOnlySingleElementList<DynamicVar>(new StringVar("Applier"));
      [v0.103.2] 
      [v0.103.2] 	public override Task AfterApplied(Creature? applier, CardModel? cardSource)
      [v0.103.2] 	{
      [v0.103.2] 		((StringVar)base.DynamicVars["Applier"]).StringValue = PlatformUtil.GetPlayerName(RunManager.Instance.NetService.Platform, base.Applier.Player.NetId);
      [v0.103.2] 		return Task.CompletedTask;
      [v0.103.2] 	}
      [v0.103.2] 
      [v0.103.2] 		if (target != base.Owner)
      [v0.107.1] 	public override PowerInstanceType InstanceType => PowerInstanceType.Instanced;
      [v0.107.1] 		if (card.TargetType == TargetType.AnyEnemy && target != base.Owner)
      [v0.107.1] 		{
      [v0.107.1] 			return playCount;
      [v0.107.1] 		}
      [v0.107.1] 		TargetType targetType = card.TargetType;
      [v0.107.1] 		if ((uint)(targetType - 2) > 1u)

  tainted-power (v0.103.2→v0.107.1: 31 lines)
    [v0.103.2 → v0.107.1]
      [v0.107.1] 
      [v0.107.1] namespace MegaCrit.Sts2.Core.Models.Powers;
      [v0.107.1] 
      [v0.107.1] public sealed class TaintedPower : PowerModel
      [v0.107.1] {
      [v0.107.1] 	public override PowerType Type => PowerType.Debuff;
      [v0.107.1] 
      [v0.107.1] 	public override PowerStackType StackType => PowerStackType.Counter;
      [v0.107.1] 
      [v0.107.1] 	public override decimal ModifyDamageAdditive(Creature? target, decimal amount, ValueProp props, Creature? dealer, CardModel? cardSource)
      [v0.107.1] 	{
      [v0.107.1] 		if (target != base.Owner)
      [v0.107.1] 		{
      [v0.107.1] 			return 0m;
      [v0.107.1] 		}
      [v0.107.1] 		if (!props.IsPoweredAttack())
      [v0.107.1] 		{
      [v0.107.1] 			return 0m;
      [v0.107.1] 		}
      [v0.107.1] 		return base.Amount;
      [v0.107.1] 	}
      [v0.107.1] 
      [v0.107.1] 	public override async Task AfterSideTurnEnd(PlayerChoiceContext choiceContext, CombatSide side, IEnumerable<Creature> participants)
      [v0.107.1] 	{
      [v0.107.1] 		if (side == CombatSide.Enemy)
      [v0.107.1] 		{
      [v0.107.1] 			Flash();
      [v0.107.1] 			await PowerCmd.Remove(this);
      [v0.107.1] 		}
      [v0.107.1] 	}
      [v0.107.1] }

  tangled-power (v0.103.2→v0.107.1: 4 lines)
    [v0.103.2 → v0.107.1]
      [v0.103.2] 	public override async Task AfterTurnEnd(PlayerChoiceContext choiceContext, CombatSide side)
      [v0.103.2] 		if (side == base.Owner.Side)
      [v0.107.1] 	public override async Task AfterSideTurnEnd(PlayerChoiceContext choiceContext, CombatSide side, IEnumerable<Creature> participants)
      [v0.107.1] 		if (participants.Contains(base.Owner))

  tank-power (v0.103.2→v0.107.1: 2 lines)
    [v0.103.2 → v0.107.1]
      [v0.103.2] 				await PowerCmd.Apply<GuardedPower>(item, base.Amount, base.Owner, null);
      [v0.107.1] 				await PowerCmd.Apply<GuardedPower>(new ThrowingPlayerChoiceContext(), item, base.Amount, base.Owner, null);

  temporary-dexterity-power (v0.103.2→v0.107.1: 30 lines)
    [v0.103.2 → v0.107.1]
      [v0.107.1] /// <summary>
      [v0.107.1] /// This class represents a buff/debuff that gives/takes dexterity.
      [v0.107.1] /// We never instantiate this directly. See <see cref="T:MegaCrit.Sts2.Core.Models.Powers.TemporaryStrengthPower" /> for context around how this is used.
      [v0.107.1] /// </summary>
      [v0.107.1] 	/// <summary>
      [v0.107.1] 	/// If this is true, the next application of this power will not be applied.
      [v0.107.1] 	/// This is used when debuffs are copied by Misery. The negative <see cref="T:MegaCrit.Sts2.Core.Models.Powers.DexterityPower" /> gets copied along with this
      [v0.107.1] 	/// power, and upon copying, it should not apply negative <see cref="T:MegaCrit.Sts2.Core.Models.Powers.DexterityPower" /> down again.
      [v0.107.1] 	/// </summary>
      [v0.107.1] 	/// <summary>
      [v0.107.1] 	/// The canonical model that applies this power. For example, <see cref="T:MegaCrit.Sts2.Core.Models.Cards.Anticipate" />.
      [v0.107.1] 	/// </summary>
      [v0.107.1] 	/// <summary>
      [v0.107.1] 	/// If this power is supposed to apply negative dexterity, make this false
      [v0.107.1] 	/// </summary>
      [v0.107.1] 	/// <summary>
      [v0.107.1] 	/// Shorthand indicating the sign of the amount to apply
      [v0.107.1] 	/// </summary>
      [v0.103.2] 			await PowerCmd.Apply<DexterityPower>(target, (decimal)Sign * amount, applier, cardSource, silent: true);
      [v0.103.2] 	public override async Task AfterPowerAmountChanged(PowerModel power, decimal amount, Creature? applier, CardModel? cardSource)
      [v0.103.2] 				await PowerCmd.Apply<DexterityPower>(base.Owner, (decimal)Sign * amount, applier, cardSource, silent: true);
      [v0.103.2] 	public override async Task AfterTurnEnd(PlayerChoiceContext choiceContext, CombatSide side)
      [v0.103.2] 		if (side == base.Owner.Side)
      [v0.103.2] 			await PowerCmd.Apply<DexterityPower>(base.Owner, -Sign * base.Amount, base.Owner, null);
      [v0.107.1] 			await PowerCmd.Apply<DexterityPower>(new ThrowingPlayerChoiceContext(), target, (decimal)Sign * amount, applier, cardSource, silent: true);
      [v0.107.1] 	public override async Task AfterPowerAmountChanged(PlayerChoiceContext choiceContext, PowerModel power, decimal amount, Creature? applier, CardModel? cardSource)
      [v0.107.1] 				await PowerCmd.Apply<DexterityPower>(choiceContext, base.Owner, (decimal)Sign * amount, applier, cardSource, silent: true);
      [v0.107.1] 	public override async Task AfterSideTurnEnd(PlayerChoiceContext choiceContext, CombatSide side, IEnumerable<Creature> participants)
      [v0.107.1] 		if (participants.Contains(base.Owner))
      [v0.107.1] 			await PowerCmd.Apply<DexterityPower>(choiceContext, base.Owner, -Sign * base.Amount, base.Owner, null);

  temporary-focus-power (v0.103.2→v0.107.1: 30 lines)
    [v0.103.2 → v0.107.1]
      [v0.107.1] /// <summary>
      [v0.107.1] /// This class represents a buff/debuff that gives/takes focus.
      [v0.107.1] /// We never instantiate this directly. See <see cref="T:MegaCrit.Sts2.Core.Models.Powers.TemporaryStrengthPower" /> for context around how this is used.
      [v0.107.1] /// </summary>
      [v0.107.1] 	/// <summary>
      [v0.107.1] 	/// If this is true, the next application of this power will not be applied.
      [v0.107.1] 	/// This is used when debuffs are copied by Misery. The negative <see cref="T:MegaCrit.Sts2.Core.Models.Powers.FocusPower" /> gets copied along with this
      [v0.107.1] 	/// power, and upon copying, it should not apply negative <see cref="T:MegaCrit.Sts2.Core.Models.Powers.FocusPower" /> down again.
      [v0.107.1] 	/// </summary>
      [v0.107.1] 	/// <summary>
      [v0.107.1] 	/// The canonical model that applies this power. For example, <see cref="T:MegaCrit.Sts2.Core.Models.Cards.Hotfix" />.
      [v0.107.1] 	/// </summary>
      [v0.107.1] 	/// <summary>
      [v0.107.1] 	/// If this power is supposed to apply negative Focus, make this false
      [v0.107.1] 	/// </summary>
      [v0.107.1] 	/// <summary>
      [v0.107.1] 	/// Shorthand indicating the sign of the amount to apply
      [v0.107.1] 	/// </summary>
      [v0.103.2] 			await PowerCmd.Apply<FocusPower>(target, (decimal)Sign * amount, applier, cardSource, silent: true);
      [v0.103.2] 	public override async Task AfterPowerAmountChanged(PowerModel power, decimal amount, Creature? applier, CardModel? cardSource)
      [v0.103.2] 				await PowerCmd.Apply<FocusPower>(base.Owner, (decimal)Sign * amount, applier, cardSource, silent: true);
      [v0.103.2] 	public override async Task AfterTurnEnd(PlayerChoiceContext choiceContext, CombatSide side)
      [v0.103.2] 		if (side == base.Owner.Side)
      [v0.103.2] 			await PowerCmd.Apply<FocusPower>(base.Owner, -Sign * base.Amount, base.Owner, null);
      [v0.107.1] 			await PowerCmd.Apply<FocusPower>(new ThrowingPlayerChoiceContext(), target, (decimal)Sign * amount, applier, cardSource, silent: true);
      [v0.107.1] 	public override async Task AfterPowerAmountChanged(PlayerChoiceContext choiceContext, PowerModel power, decimal amount, Creature? applier, CardModel? cardSource)
      [v0.107.1] 				await PowerCmd.Apply<FocusPower>(choiceContext, base.Owner, (decimal)Sign * amount, applier, cardSource, silent: true);
      [v0.107.1] 	public override async Task AfterSideTurnEnd(PlayerChoiceContext choiceContext, CombatSide side, IEnumerable<Creature> participants)
      [v0.107.1] 		if (participants.Contains(base.Owner))
      [v0.107.1] 			await PowerCmd.Apply<FocusPower>(choiceContext, base.Owner, -Sign * base.Amount, base.Owner, null);

  temporary-strength-power (v0.103.2→v0.107.1: 34 lines)
    [v0.103.2 → v0.107.1]
      [v0.107.1] /// <summary>
      [v0.107.1] /// This class represents a buff/debuff that gives/takes strength.
      [v0.107.1] /// This class is never instantiated directly. Instead, it is subclassed and those classes represent the buff/debuff.
      [v0.107.1] /// Every model that grants a temporary strength power creates an associated power that subclasses this. For example,
      [v0.107.1] /// FlexPotion has FlexPotionPower which grants strength and then takes it away at the end of the turn.
      [v0.107.1] /// This used to be called Strength Down (or Restore Strength for negative strength) and be its own power. We switched
      [v0.107.1] /// to this model so make the UX more clear for players; both Strength and Temporary Strength are a buff.
      [v0.107.1] /// </summary>
      [v0.107.1] 	/// <summary>
      [v0.107.1] 	/// If this is true, the next application of this power will not be applied.
      [v0.107.1] 	/// This is used when debuffs are copied by Misery. The negative <see cref="T:MegaCrit.Sts2.Core.Models.Powers.StrengthPower" /> gets copied along with this
      [v0.107.1] 	/// power, and upon copying, it should not apply negative <see cref="T:MegaCrit.Sts2.Core.Models.Powers.StrengthPower" /> down again.
      [v0.107.1] 	/// </summary>
      [v0.107.1] 	/// <summary>
      [v0.107.1] 	/// The canonical model that applies this power. For example, <see cref="T:MegaCrit.Sts2.Core.Models.Potions.FlexPotion" />.
      [v0.107.1] 	/// </summary>
      [v0.107.1] 	/// <summary>
      [v0.107.1] 	/// If this power is supposed to apply negative strength, make this false
      [v0.107.1] 	/// </summary>
      [v0.107.1] 	/// <summary>
      [v0.107.1] 	/// Shorthand indicating the sign of the amount to apply
      [v0.107.1] 	/// </summary>
      [v0.103.2] 			await PowerCmd.Apply<StrengthPower>(target, (decimal)Sign * amount, applier, cardSource, silent: true);
      [v0.103.2] 	public override async Task AfterPowerAmountChanged(PowerModel power, decimal amount, Creature? applier, CardModel? cardSource)
      [v0.103.2] 				await PowerCmd.Apply<StrengthPower>(base.Owner, (decimal)Sign * amount, applier, cardSource, silent: true);
      [v0.103.2] 	public override async Task AfterTurnEnd(PlayerChoiceContext choiceContext, CombatSide side)
      [v0.103.2] 		if (side == base.Owner.Side)
      [v0.103.2] 			await PowerCmd.Apply<StrengthPower>(base.Owner, -Sign * base.Amount, base.Owner, null);
      [v0.107.1] 			await PowerCmd.Apply<StrengthPower>(new ThrowingPlayerChoiceContext(), target, (decimal)Sign * amount, applier, cardSource, silent: true);
      [v0.107.1] 	public override async Task AfterPowerAmountChanged(PlayerChoiceContext choiceContext, PowerModel power, decimal amount, Creature? applier, CardModel? cardSource)
      [v0.107.1] 				await PowerCmd.Apply<StrengthPower>(choiceContext, base.Owner, (decimal)Sign * amount, applier, cardSource, silent: true);
      [v0.107.1] 	public override async Task AfterSideTurnEnd(PlayerChoiceContext choiceContext, CombatSide side, IEnumerable<Creature> participants)
      [v0.107.1] 		if (participants.Contains(base.Owner))
      [v0.107.1] 			await PowerCmd.Apply<StrengthPower>(choiceContext, base.Owner, -Sign * base.Amount, base.Owner, null);

  tender-power (v0.103.2→v0.107.1: 14 lines)
    [v0.103.2 → v0.107.1]
      [v0.103.2] 	public override async Task AfterCardPlayed(PlayerChoiceContext context, CardPlay cardPlay)
      [v0.103.2] 			await PowerCmd.Apply<StrengthPower>(base.Owner, -1m, base.Applier, null, silent: true);
      [v0.103.2] 			await PowerCmd.Apply<DexterityPower>(base.Owner, -1m, base.Applier, null, silent: true);
      [v0.103.2] 	public override async Task AfterTurnEnd(PlayerChoiceContext choiceContext, CombatSide side)
      [v0.103.2] 		if (side == CombatSide.Player)
      [v0.103.2] 			await PowerCmd.Apply<StrengthPower>(base.Owner, CardsPlayedThisTurn, base.Applier, null, silent: true);
      [v0.103.2] 			await PowerCmd.Apply<DexterityPower>(base.Owner, CardsPlayedThisTurn, base.Applier, null, silent: true);
      [v0.107.1] 	public override async Task AfterCardPlayed(PlayerChoiceContext choiceContext, CardPlay cardPlay)
      [v0.107.1] 			await PowerCmd.Apply<StrengthPower>(choiceContext, base.Owner, -1m, base.Applier, null, silent: true);
      [v0.107.1] 			await PowerCmd.Apply<DexterityPower>(choiceContext, base.Owner, -1m, base.Applier, null, silent: true);
      [v0.107.1] 	public override async Task AfterSideTurnEnd(PlayerChoiceContext choiceContext, CombatSide side, IEnumerable<Creature> participants)
      [v0.107.1] 		if (participants.Contains(base.Owner))
      [v0.107.1] 			await PowerCmd.Apply<StrengthPower>(choiceContext, base.Owner, CardsPlayedThisTurn, base.Applier, null, silent: true);
      [v0.107.1] 			await PowerCmd.Apply<DexterityPower>(choiceContext, base.Owner, CardsPlayedThisTurn, base.Applier, null, silent: true);

  territorial-power (v0.103.2→v0.107.1: 8 lines)
    [v0.103.2 → v0.107.1]
      [v0.103.2] 	public override async Task AfterTurnEnd(PlayerChoiceContext choiceContext, CombatSide side)
      [v0.103.2] 		if (side == base.Owner.Side)
      [v0.103.2] 			await PowerCmd.Apply<StrengthPower>(base.Owner, base.Amount, base.Owner, null);
      [v0.107.1] 	protected override IEnumerable<IHoverTip> ExtraHoverTips => new global::_003C_003Ez__ReadOnlySingleElementList<IHoverTip>(HoverTipFactory.FromPower<StrengthPower>());
      [v0.107.1] 
      [v0.107.1] 	public override async Task AfterSideTurnEnd(PlayerChoiceContext choiceContext, CombatSide side, IEnumerable<Creature> participants)
      [v0.107.1] 		if (participants.Contains(base.Owner))
      [v0.107.1] 			await PowerCmd.Apply<StrengthPower>(choiceContext, base.Owner, base.Amount, base.Owner, null);

  the-bomb-power (v0.103.2→v0.107.1: 11 lines)
    [v0.103.2 → v0.107.1]
      [v0.103.2] 	public override bool IsInstanced => true;
      [v0.103.2] 	public override async Task BeforeTurnEnd(PlayerChoiceContext choiceContext, CombatSide side)
      [v0.103.2] 		if (side != base.Owner.Side)
      [v0.107.1] 	public override PowerInstanceType InstanceType => PowerInstanceType.Instanced;
      [v0.107.1] 	/// <summary>
      [v0.107.1] 	/// Set the amount of damage that this instance of The Bomb will deal.
      [v0.107.1] 	/// This is necessary because Amount is used to track the number of turns left until exploding.
      [v0.107.1] 	/// </summary>
      [v0.107.1] 	/// <param name="damage">Amount of damage to deal</param>
      [v0.107.1] 	public override async Task BeforeSideTurnEnd(PlayerChoiceContext choiceContext, CombatSide side, IEnumerable<Creature> participants)
      [v0.107.1] 		if (!participants.Contains(base.Owner))

  the-hunt-power (v0.103.2→v0.107.1: 4 lines)
    [v0.103.2 → v0.107.1]
      [v0.107.1] /// <summary>
      [v0.107.1] /// This power acts as a visual indicator to the player that the Hunt card was successful. The actual behavior
      [v0.107.1] /// lives in <see cref="T:MegaCrit.Sts2.Core.Models.Cards.TheHunt" /> .
      [v0.107.1] /// </summary>

  thievery-power (v0.103.2→v0.107.1: 2 lines)
    [v0.103.2 → v0.107.1]
      [v0.103.2] 	public override bool IsInstanced => true;
      [v0.107.1] 	public override PowerInstanceType InstanceType => PowerInstanceType.Instanced;

  toric-toughness-power (v0.103.2→v0.107.1: 7 lines)
    [v0.103.2 → v0.107.1]
      [v0.103.2] 	public override bool IsInstanced => true;
      [v0.107.1] 	public override PowerInstanceType InstanceType => PowerInstanceType.Instanced;
      [v0.107.1] 	/// <summary>
      [v0.107.1] 	/// Set the amount of block that this instance of Toric Toughness will deal.
      [v0.107.1] 	/// This is necessary because Amount is used to track the number of turns left.
      [v0.107.1] 	/// </summary>
      [v0.107.1] 	/// <param name="block">Amount of block to gain</param>

  veilpiercer-power (v0.103.2→v0.107.1: 2 lines)
    [v0.103.2 → v0.107.1]
      [v0.103.2] 	public override bool TryModifyEnergyCostInCombat(CardModel card, decimal originalCost, out decimal modifiedCost)
      [v0.107.1] 	public override bool TryModifyEnergyCostInCombatLate(CardModel card, decimal originalCost, out decimal modifiedCost)

  vicious-power (v0.103.2→v0.107.1: 4 lines)
    [v0.103.2 → v0.107.1]
      [v0.103.2] 	public override async Task AfterPowerAmountChanged(PowerModel power, decimal amount, Creature? applier, CardModel? cardSource)
      [v0.103.2] 			await CardPileCmd.Draw(new BlockingPlayerChoiceContext(), base.Amount, base.Owner.Player);
      [v0.107.1] 	public override async Task AfterPowerAmountChanged(PlayerChoiceContext choiceContext, PowerModel power, decimal amount, Creature? applier, CardModel? cardSource)
      [v0.107.1] 			await CardPileCmd.Draw(choiceContext, base.Amount, base.Owner.Player);

  vigor-power (v0.103.2→v0.107.1: 4 lines)
    [v0.103.2 → v0.107.1]
      [v0.103.2] 	public override async Task AfterAttack(AttackCommand command)
      [v0.103.2] 			await PowerCmd.ModifyAmount(this, -internalData.amountWhenAttackStarted, null, null);
      [v0.107.1] 	public override async Task AfterAttack(PlayerChoiceContext choiceContext, AttackCommand command)
      [v0.107.1] 			await PowerCmd.ModifyAmount(choiceContext, this, -internalData.amountWhenAttackStarted, null, null);

  vital-spark-power (v0.103.2→v0.107.1: 79 lines)
    [v0.103.2 → v0.107.1]
      [v0.103.2] 	private class Data
      [v0.103.2] 	{
      [v0.103.2] 		public readonly HashSet<Player> playersTriggeredThisTurn = new HashSet<Player>();
      [v0.103.2] 	}
      [v0.103.2] 
      [v0.103.2] 	protected override IEnumerable<IHoverTip> ExtraHoverTips => new global::_003C_003Ez__ReadOnlySingleElementList<IHoverTip>(HoverTipFactory.ForEnergy(this));
      [v0.103.2] 	protected override IEnumerable<DynamicVar> CanonicalVars => new global::_003C_003Ez__ReadOnlySingleElementList<DynamicVar>(new EnergyVar(1));
      [v0.103.2] 	protected override object InitInternalData()
      [v0.103.2] 		return new Data();
      [v0.103.2] 	public override async Task AfterDamageReceived(PlayerChoiceContext choiceContext, Creature target, DamageResult result, ValueProp props, Creature? dealer, CardModel? cardSource)
      [v0.103.2] 		if (target == base.Owner && dealer != null && props.IsPoweredAttack() && !result.WasFullyBlocked)
      [v0.103.2] 			Creature creature = dealer;
      [v0.103.2] 			if (dealer.Monster is Osty)
      [v0.103.2] 				creature = dealer.PetOwner.Creature;
      [v0.103.2] 			if (creature.Player != null && !GetInternalData<Data>().playersTriggeredThisTurn.Contains(creature.Player))
      [v0.103.2] 				GetInternalData<Data>().playersTriggeredThisTurn.Add(creature.Player);
      [v0.103.2] 				Flash();
      [v0.103.2] 				await PlayerCmd.GainEnergy(base.DynamicVars.Energy.IntValue, creature.Player);
      [v0.103.2] 	public override Task BeforeSideTurnStart(PlayerChoiceContext choiceContext, CombatSide side, CombatState combatState)
      [v0.103.2] 		if (side != CombatSide.Enemy)
      [v0.103.2] 		GetInternalData<Data>().playersTriggeredThisTurn.Clear();
      [v0.107.1] 	protected override IEnumerable<DynamicVar> CanonicalVars => new global::_003C_003Ez__ReadOnlySingleElementList<DynamicVar>(new StringVar("AfflictionTitle", ModelDb.Affliction<Tainted>().Title.GetFormattedText()));
      [v0.107.1] 	protected override IEnumerable<IHoverTip> ExtraHoverTips => HoverTipFactory.FromAffliction<Tainted>(base.Amount);
      [v0.107.1] 	public override async Task BeforeCombatStart()
      [v0.107.1] 		foreach (Creature item in base.Owner.CombatState.Allies.ToList())
      [v0.107.1] 		{
      [v0.107.1] 			if (!item.IsPlayer)
      [v0.107.1] 			{
      [v0.107.1] 				continue;
      [v0.107.1] 			}
      [v0.107.1] 			IEnumerable<CardModel> enumerable = item.Player.PlayerCombatState.AllCards.Where((CardModel c) => c.Type == CardType.Skill);
      [v0.107.1] 			foreach (CardModel item2 in enumerable)
      [v0.107.1] 			{
      [v0.107.1] 				await CardCmd.Afflict<Tainted>(item2, base.Amount);
      [v0.107.1] 			}
      [v0.107.1] 		}
      [v0.107.1] 	public override async Task AfterCardEnteredCombat(CardModel card)
      [v0.107.1] 		if (card.Affliction == null && card.Type == CardType.Skill)
      [v0.107.1] 			await CardCmd.Afflict<Tainted>(card, base.Amount);
      [v0.107.1] 		}
      [v0.107.1] 	}
      [v0.107.1] 
      [v0.107.1] 	public override async Task AfterCardPlayed(PlayerChoiceContext choiceContext, CardPlay cardPlay)
      [v0.107.1] 	{
      [v0.107.1] 		if (cardPlay.Card.Affliction is Tainted)
      [v0.107.1] 		{
      [v0.107.1] 			Flash();
      [v0.107.1] 			await PowerCmd.Apply<TaintedPower>(choiceContext, cardPlay.Card.Owner.Creature, base.Amount, null, null);
      [v0.107.1] 		}
      [v0.107.1] 	}
      [v0.107.1] 
      [v0.107.1] 	public override Task AfterRemoved(Creature oldOwner)
      [v0.107.1] 	{
      [v0.107.1] 		if (oldOwner.CombatState == null)
      [v0.107.1] 		{
      [v0.107.1] 			return Task.CompletedTask;
      [v0.107.1] 		}
      [v0.107.1] 		foreach (Creature item in oldOwner.CombatState.Allies.ToList())
      [v0.107.1] 		{
      [v0.107.1] 			if (!item.IsPlayer)
      [v0.107.1] 				continue;
      [v0.107.1] 			IEnumerable<CardModel> enumerable = item.Player.PlayerCombatState.AllCards.Where((CardModel c) => c.Affliction is Tainted);
      [v0.107.1] 			foreach (CardModel item2 in enumerable)
      [v0.107.1] 				CardCmd.ClearAffliction(item2);
      [v0.107.1] 		return Task.CompletedTask;
      [v0.107.1] 	public override Task AfterPowerAmountChanged(PlayerChoiceContext choiceContext, PowerModel power, decimal amount, Creature? applier, CardModel? cardSource)
      [v0.107.1] 		if (power != this)
      [v0.107.1] 		foreach (Creature item in base.Owner.CombatState.Allies.ToList())
      [v0.107.1] 		{
      [v0.107.1] 			if (!item.IsPlayer)
      [v0.107.1] 			{
      [v0.107.1] 				continue;
      [v0.107.1] 			}
      [v0.107.1] 			IEnumerable<CardModel> enumerable = item.Player.PlayerCombatState.AllCards.Where((CardModel c) => c.Affliction is Tainted);
      [v0.107.1] 			foreach (CardModel item2 in enumerable)
      [v0.107.1] 			{
      [v0.107.1] 				item2.Affliction.Amount = base.Amount;
      [v0.107.1] 			}
      [v0.107.1] 		}

  void-form-power (v0.103.2→v0.107.1: 16 lines)
    [v0.103.2 → v0.107.1]
      [v0.103.2] 	public override bool TryModifyEnergyCostInCombat(CardModel card, decimal originalCost, out decimal modifiedCost)
      [v0.107.1] 	public override bool TryModifyEnergyCostInCombatLate(CardModel card, decimal originalCost, out decimal modifiedCost)
      [v0.103.2] 	public override Task AfterCardPlayed(PlayerChoiceContext context, CardPlay cardPlay)
      [v0.103.2] 	public override Task BeforeSideTurnStart(PlayerChoiceContext choiceContext, CombatSide side, CombatState combatState)
      [v0.103.2] 		if (side == base.Owner.Side)
      [v0.103.2] 			GetInternalData<Data>().cardsPlayedThisTurn = 0;
      [v0.107.1] 	public override Task AfterCardPlayed(PlayerChoiceContext choiceContext, CardPlay cardPlay)
      [v0.107.1] 	public override Task BeforeSideTurnStart(PlayerChoiceContext choiceContext, CombatSide side, IReadOnlyList<Creature> participants, ICombatState combatState)
      [v0.107.1] 		if (!participants.Contains(base.Owner))
      [v0.107.1] 			return Task.CompletedTask;
      [v0.107.1] 		GetInternalData<Data>().cardsPlayedThisTurn = 0;
      [v0.107.1] 	/// <summary>
      [v0.107.1] 	/// HACK: If Void Form is the first card played in a turn, there's a brief period before the turn is auto-ended
      [v0.107.1] 	/// where we show a zero energy cost on all cards.
      [v0.107.1] 	/// To avoid this, we max out cardsPlayedThisTurn, which doesn't matter anyways since the turn is ending.
      [v0.107.1] 	/// </summary>

  vulnerable-power (v0.103.2→v0.107.1: 5 lines)
    [v0.103.2 → v0.107.1]
      [v0.107.1] 	/// <summary>
      [v0.107.1] 	/// Multiplies damage received by 1.5x.
      [v0.107.1] 	/// </summary>
      [v0.103.2] 	public override async Task AfterTurnEnd(PlayerChoiceContext choiceContext, CombatSide side)
      [v0.107.1] 	public override async Task AfterSideTurnEnd(PlayerChoiceContext choiceContext, CombatSide side, IEnumerable<Creature> participants)

  weak-power (v0.103.2→v0.107.1: 2 lines)
    [v0.103.2 → v0.107.1]
      [v0.103.2] 	public override async Task AfterTurnEnd(PlayerChoiceContext choiceContext, CombatSide side)
      [v0.107.1] 	public override async Task AfterSideTurnEnd(PlayerChoiceContext choiceContext, CombatSide side, IEnumerable<Creature> participants)

  well-laid-plans-power (v0.103.2→v0.107.1: 4 lines)
    [v0.103.2 → v0.107.1]
      [v0.107.1] 	/// <summary>
      [v0.107.1] 	/// We use BeforeFlushLate instead of BeforeFlush here so that the player can have full information about the other
      [v0.107.1] 	/// BeforeFlush effects before choosing a card to retain.
      [v0.107.1] 	/// </summary>

  withering-presence-power (v0.103.2→v0.107.1: 52 lines)
    [v0.103.2 → v0.107.1]
      [v0.107.1] 
      [v0.107.1] namespace MegaCrit.Sts2.Core.Models.Powers;
      [v0.107.1] 
      [v0.107.1] public sealed class WitheringPresencePower : PowerModel
      [v0.107.1] {
      [v0.107.1] 	private const int _baseCardsLeft = 6;
      [v0.107.1] 
      [v0.107.1] 	private const string _cardsLeftKey = "CardsLeft";
      [v0.107.1] 
      [v0.107.1] 	public override PowerType Type => PowerType.Buff;
      [v0.107.1] 
      [v0.107.1] 	public override PowerStackType StackType => PowerStackType.Counter;
      [v0.107.1] 
      [v0.107.1] 	public override int DisplayAmount => base.DynamicVars["CardsLeft"].IntValue;
      [v0.107.1] 
      [v0.107.1] 	public override PowerInstanceType InstanceType => PowerInstanceType.Instanced;
      [v0.107.1] 
      [v0.107.1] 	protected override IEnumerable<DynamicVar> CanonicalVars => new global::_003C_003Ez__ReadOnlySingleElementList<DynamicVar>(new DynamicVar("CardsLeft", 6m));
      [v0.107.1] 
      [v0.107.1] 	protected override IEnumerable<IHoverTip> ExtraHoverTips
      [v0.107.1] 	{
      [v0.107.1] 		get
      [v0.107.1] 		{
      [v0.107.1] 			Wither wither = (Wither)ModelDb.Card<Wither>().ToMutable();
      [v0.107.1] 			if (base.Owner.Monster is Aeonglass aeonglass)
      [v0.107.1] 			{
      [v0.107.1] 				aeonglass.MatchWitherToUpgradeCount(wither);
      [v0.107.1] 			}
      [v0.107.1] 			List<IHoverTip> list = new List<IHoverTip>();
      [v0.107.1] 			list.Add(HoverTipFactory.FromCard(wither));
      [v0.107.1] 			list.AddRange(ModelDb.Card<Wither>().HoverTips);
      [v0.107.1] 			return new _003C_003Ez__ReadOnlyList<IHoverTip>(list);
      [v0.107.1] 		}
      [v0.107.1] 	}
      [v0.107.1] 
      [v0.107.1] 	public override async Task AfterCardPlayed(PlayerChoiceContext choiceContext, CardPlay cardPlay)
      [v0.107.1] 	{
      [v0.107.1] 		if (cardPlay.Card.Owner == base.Target.Player)
      [v0.107.1] 		{
      [v0.107.1] 			base.DynamicVars["CardsLeft"].BaseValue--;
      [v0.107.1] 			InvokeDisplayAmountChanged();
      [v0.107.1] 			if (base.DynamicVars["CardsLeft"].IntValue <= 0)
      [v0.107.1] 			{
      [v0.107.1] 				await Cmd.Wait(0.5f);
      [v0.107.1] 				await CardPileCmd.AddToCombatAndPreview<Wither>(cardPlay.Card.Owner.Creature, PileType.Hand, 1, null);
      [v0.107.1] 				Flash();
      [v0.107.1] 				base.DynamicVars["CardsLeft"].BaseValue = 6m;
      [v0.107.1] 				InvokeDisplayAmountChanged();
      [v0.107.1] 			}
      [v0.107.1] 		}
      [v0.107.1] 	}
      [v0.107.1] }

  wraith-form-power (v0.103.2→v0.107.1: 6 lines)
    [v0.103.2 → v0.107.1]
      [v0.103.2] 	public override async Task AfterSideTurnStart(CombatSide side, CombatState combatState)
      [v0.103.2] 		if (side == base.Owner.Side)
      [v0.103.2] 			await PowerCmd.Apply<DexterityPower>(base.Owner, -base.Amount, base.Owner, null);
      [v0.107.1] 	public override async Task AfterSideTurnStart(CombatSide side, IReadOnlyList<Creature> participants, ICombatState combatState)
      [v0.107.1] 		if (participants.Contains(base.Owner))
      [v0.107.1] 			await PowerCmd.Apply<DexterityPower>(new ThrowingPlayerChoiceContext(), base.Owner, -base.Amount, base.Owner, null);

changed_in_v0.99.1_to_v0.103.2 (3 powers):

  blade-of-ink-power (v0.99.1→v0.103.2: 35 lines)
    [v0.99.1 → v0.103.2]
      [v0.99.1] 
      [v0.99.1] namespace MegaCrit.Sts2.Core.Models.Powers;
      [v0.99.1] 
      [v0.99.1] public sealed class BladeOfInkPower : PowerModel
      [v0.99.1] {
      [v0.99.1] 	private const string _strengthAppliedKey = "StrengthApplied";
      [v0.99.1] 
      [v0.99.1] 	public override PowerType Type => PowerType.Buff;
      [v0.99.1] 
      [v0.99.1] 	public override PowerStackType StackType => PowerStackType.Counter;
      [v0.99.1] 
      [v0.99.1] 	protected override IEnumerable<IHoverTip> ExtraHoverTips => new global::_003C_003Ez__ReadOnlySingleElementList<IHoverTip>(HoverTipFactory.FromPower<StrengthPower>());
      [v0.99.1] 
      [v0.99.1] 	protected override IEnumerable<DynamicVar> CanonicalVars => new global::_003C_003Ez__ReadOnlySingleElementList<DynamicVar>(new DynamicVar("StrengthApplied", 0m));
      [v0.99.1] 
      [v0.99.1] 	public override async Task AfterCardPlayed(PlayerChoiceContext context, CardPlay cardPlay)
      [v0.99.1] 	{
      [v0.99.1] 		if (cardPlay.Card.Owner == base.Owner.Player && cardPlay.Card.Type == CardType.Attack)
      [v0.99.1] 		{
      [v0.99.1] 			Flash();
      [v0.99.1] 			await PowerCmd.Apply<StrengthPower>(base.Owner, base.Amount, base.Owner, null, silent: true);
      [v0.99.1] 			base.DynamicVars["StrengthApplied"].BaseValue += (decimal)base.Amount;
      [v0.99.1] 			InvokeDisplayAmountChanged();
      [v0.99.1] 		}
      [v0.99.1] 	}
      [v0.99.1] 
      [v0.99.1] 	public override async Task AfterTurnEnd(PlayerChoiceContext choiceContext, CombatSide side)
      [v0.99.1] 	{
      [v0.99.1] 		if (side == base.Owner.Side)
      [v0.99.1] 		{
      [v0.99.1] 			await PowerCmd.Apply<StrengthPower>(base.Owner, -base.DynamicVars["StrengthApplied"].BaseValue, base.Owner, null, silent: true);
      [v0.99.1] 			await PowerCmd.Remove(this);
      [v0.99.1] 		}
      [v0.99.1] 	}
      [v0.99.1] }

  door-revival-power (v0.99.1→v0.103.2: 104 lines)
    [v0.99.1 → v0.103.2]
      [v0.99.1] 
      [v0.99.1] namespace MegaCrit.Sts2.Core.Models.Powers;
      [v0.99.1] 
      [v0.99.1] public sealed class DoorRevivalPower : PowerModel
      [v0.99.1] {
      [v0.99.1] 	private class Data
      [v0.99.1] 	{
      [v0.99.1] 		public bool isHalfDead;
      [v0.99.1] 	}
      [v0.99.1] 
      [v0.99.1] 	public override PowerType Type => PowerType.Buff;
      [v0.99.1] 
      [v0.99.1] 	public override PowerStackType StackType => PowerStackType.Single;
      [v0.99.1] 
      [v0.99.1] 	protected override bool IsVisibleInternal => false;
      [v0.99.1] 
      [v0.99.1] 	public bool IsHalfDead => GetInternalData<Data>().isHalfDead;
      [v0.99.1] 
      [v0.99.1] 	protected override object InitInternalData()
      [v0.99.1] 	{
      [v0.99.1] 		return new Data();
      [v0.99.1] 	}
      [v0.99.1] 
      [v0.99.1] 	public override Task BeforeDeath(Creature creature)
      [v0.99.1] 	{
      [v0.99.1] 		if (creature != base.Owner)
      [v0.99.1] 		{
      [v0.99.1] 			return Task.CompletedTask;
      [v0.99.1] 		}
      [v0.99.1] 		GetInternalData<Data>().isHalfDead = true;
      [v0.99.1] 		return Task.CompletedTask;
      [v0.99.1] 	}
      [v0.99.1] 
      [v0.99.1] 	public override async Task AfterDeath(PlayerChoiceContext choiceContext, Creature creature, bool wasRemovalPrevented, float deathAnimLength)
      [v0.99.1] 	{
      [v0.99.1] 		if (creature == base.Owner)
      [v0.99.1] 		{
      [v0.99.1] 			if (wasRemovalPrevented)
      [v0.99.1] 			{
      [v0.99.1] 				GetInternalData<Data>().isHalfDead = false;
      [v0.99.1] 				return;
      [v0.99.1] 			}
      [v0.99.1] 			Door door = (Door)base.Owner.Monster;
      [v0.99.1] 			door.PrepareForDeath();
      [v0.99.1] 			door.SetMoveImmediate(door.DeadState);
      [v0.99.1] 			door.Open();
      [v0.99.1] 			await CreatureCmd.Add(door.Doormaker);
      [v0.99.1] 			Doormaker doormaker = (Doormaker)door.Doormaker.Monster;
      [v0.99.1] 			await doormaker.AnimIn();
      [v0.99.1] 		}
      [v0.99.1] 	}
      [v0.99.1] 
      [v0.99.1] 	public async Task DoRevive()
      [v0.99.1] 	{
      [v0.99.1] 		GetInternalData<Data>().isHalfDead = false;
      [v0.99.1] 		Door door = (Door)base.Owner.Monster;
      [v0.99.1] 		IReadOnlyList<Player> players = base.CombatState.Players;
      [v0.99.1] 		int count = players.Count;
      [v0.99.1] 		int currentActIndex = base.CombatState.RunState.CurrentActIndex;
      [v0.99.1] 		decimal amount = Creature.ScaleHpForMultiplayer(base.Owner.Monster.MinInitialHp, base.CombatState.Encounter, count, currentActIndex);
      [v0.99.1] 		await CreatureCmd.SetMaxHp(base.Owner, amount);
      [v0.99.1] 		await CreatureCmd.Heal(base.Owner, base.Owner.MaxHp);
      [v0.99.1] 		door.PrepareForRevival();
      [v0.99.1] 		door.Close();
      [v0.99.1] 	}
      [v0.99.1] 
      [v0.99.1] 	public override bool ShouldAllowHitting(Creature creature)
      [v0.99.1] 	{
      [v0.99.1] 		if (creature != base.Owner)
      [v0.99.1] 		{
      [v0.99.1] 			return true;
      [v0.99.1] 		}
      [v0.99.1] 		return !IsHalfDead;
      [v0.99.1] 	}
      [v0.99.1] 
      [v0.99.1] 	public override bool ShouldStopCombatFromEnding()
      [v0.99.1] 	{
      [v0.99.1] 		if (!IsHalfDead)
      [v0.99.1] 		{
      [v0.99.1] 			return false;
      [v0.99.1] 		}
      [v0.99.1] 		Door door = (Door)base.Owner.Monster;
      [v0.99.1] 		return door.Doormaker.IsAlive;
      [v0.99.1] 	}
      [v0.99.1] 
      [v0.99.1] 	public override bool ShouldCreatureBeRemovedFromCombatAfterDeath(Creature creature)
      [v0.99.1] 	{
      [v0.99.1] 		if (creature == base.Owner)
      [v0.99.1] 		{
      [v0.99.1] 			return false;
      [v0.99.1] 		}
      [v0.99.1] 		Door door = (Door)base.Owner.Monster;
      [v0.99.1] 		if (creature == door.Doormaker && !base.Owner.CombatState.ContainsCreature(creature))
      [v0.99.1] 		{
      [v0.99.1] 			return false;
      [v0.99.1] 		}
      [v0.99.1] 		return true;
      [v0.99.1] 	}
      [v0.99.1] 
      [v0.99.1] 	public override bool ShouldPowerBeRemovedAfterOwnerDeath()
      [v0.99.1] 	{
      [v0.99.1] 		return false;
      [v0.99.1] 	}
      [v0.99.1] }

  grapple-power (v0.99.1→v0.103.2: 25 lines)
    [v0.99.1 → v0.103.2]
      [v0.99.1] 
      [v0.99.1] namespace MegaCrit.Sts2.Core.Models.Powers;
      [v0.99.1] 
      [v0.99.1] public sealed class GrapplePower : PowerModel
      [v0.99.1] {
      [v0.99.1] 	public override PowerType Type => PowerType.Debuff;
      [v0.99.1] 
      [v0.99.1] 	public override PowerStackType StackType => PowerStackType.Counter;
      [v0.99.1] 
      [v0.99.1] 	public override bool IsInstanced => true;
      [v0.99.1] 
      [v0.99.1] 	public override async Task AfterBlockGained(Creature creature, decimal amount, ValueProp props, CardModel? cardSource)
      [v0.99.1] 	{
      [v0.99.1] 		if (!(amount <= 0m) && creature == base.Applier)
      [v0.99.1] 		{
      [v0.99.1] 			Flash();
      [v0.99.1] 			await CreatureCmd.Damage(new ThrowingPlayerChoiceContext(), base.Owner, base.Amount, ValueProp.Unpowered, base.Owner, null);
      [v0.99.1] 		}
      [v0.99.1] 	}
      [v0.99.1] 
      [v0.99.1] 	public override async Task AfterTurnEnd(PlayerChoiceContext choiceContext, CombatSide side)
      [v0.99.1] 	{
      [v0.99.1] 		await PowerCmd.Remove(this);
      [v0.99.1] 	}
      [v0.99.1] }

unchanged (1 powers):

  personal-hive-power ()
